Structure	acname	activity
O=C(O)c1ccc(NCc2cccc(Br)c2)cc1	IC50	3.1279616570175706
Clc1ccc(CN(Cc2ccc(Cl)cc2)c2nn[nH]n2)cc1	IC50	4.226596773348243
Clc1ccc(-n2c(SC/C=C/c3ccccc3)nnc2-c2cccnc2)cc1	IC50	4.775484123657769
O=C1N/C(=C\c2ccc(CNCc3ccccc3)cc2)C(=O)N1c1ccc(Oc2ccccc2)cc1	Ki	5.298317366548036
O=C(c1nnc(-c2ccccc2)o1)N1CC(Oc2ccc(CN3CC4(COC4)C3)cc2)C1	IC50	11.417615285165903
O=c1c2cc(-c3ccc(Cl)cc3)cn2ncn1-c1ccc(N2CC(O)C2)nc1	Ki	11.176453228349015
Clc1ccc(C2CC(c3cccs3)n3ncnc3N2)cc1Cl	IC50	4.13441683785181
N#Cc1cccc(-c2ccc(C3(CCC(=O)Nc4ccc(F)c(F)c4)CCN(C4CCC4)CC3)cc2)c1	Ki	10.871071578797833
N#Cc1cccc(-c2ccc3c(c2)CCN(CC(=O)Nc2cc(Cl)cc(Cl)c2)C3C2CCN(C3CCC3)CC2)c1	Ki	11.107460356862065
N#Cc1cccc(-c2ccc3c(c2)CCN(CC(=O)Nc2cc(Cl)cc(Cl)c2)C32CCN(C3CCC3)CC2)c1	Ki	11.250561200502737
N#Cc1cccc([C@]23CC[C@@H](N(CCN4CCCC(CO)C4)C(=O)Nc4ccc(F)c(Cl)c4)CC2C3)c1	Ki	11.107460356862065
O=C(N[C@@H]1Cc2ccc(CNCCC3CC3)cc2C1)c1ccc(OCC2CC2)cn1	IC50	7.072629922172371
N#Cc1cccc(-c2ccc(C(=C3CCN(CC4CC4)CC3)c3nc4cc(F)c(C(F)(F)F)cc4[nH]3)cc2)c1	IC50	12.562747589468906
N#Cc1cccc(-c2ccc(C(=C3CCN(CC4CC4)CC3)c3nc4c(Cl)cc(Cl)cc4[nH]3)cc2)c1	Ki	9.34960243930969
N#Cc1cccc(-c2ccc(C(=C3CCN(CC4CC4)CC3)c3nc4cc(Cl)c(Cl)cc4[nH]3)cc2)c1	Ki	11.107460356862065
N#Cc1cccc(-c2ccc(C(=C3CCN(CC4CC4)CC3)c3nc4cc(F)c(F)cc4[nH]3)cc2)c1	Ki	9.864266839382847
N#Cc1cccc(-c2ccc(C3(CCC(=O)Nc4ccc(F)c(F)c4)CCN(CC4CC4)CC3)cc2)c1	Ki	11.736069016284437
N#Cc1cccc(-c2ccc(C3(CNC(=O)Nc4cc(Cl)cc(Cl)c4)CCN(CC4CC4)CC3)cc2)c1	IC50	15.58746739989615
N#Cc1cccc(-c2ccc3c(c2)CCN(CC(=O)Nc2cc(Cl)cc(Cl)c2)C3C2CCN(CC3CC3)CC2)c1	Ki	11.585496157805064
N#Cc1cccc(-c2ccc3c(c2)CCN(CC(=O)Nc2ccc(Cl)c(C(F)(F)F)c2)C32CCN(CC3CC3)CC2)c1	Ki	9.036387064852745
N#Cc1cccc(-c2ccc3c(c2)CCN(CC(=O)Nc2ccc(Cl)c(Cl)c2)C32CCN(CC3CC3)CC2)c1	Ki	8.88825687280707
N#Cc1cccc(-c2ccc3c(c2)CCN(CC(=O)Nc2ccc(F)c(C(F)(F)F)c2)C32CCN(CC3CC3)CC2)c1	Ki	10.596634733096073
N#Cc1cccc(-c2ccc3c(c2)CCN(CC(=O)Nc2ccc(F)c(F)c2)C32CCN(CC3CC3)CC2)c1	Ki	10.26016249647486
N#Cc1cccc(-c2ccc3c(c2)CCN(CC(=O)Nc2cc(F)cc(C(F)(F)F)c2)C32CCN(CC3CC3)CC2)c1	Ki	9.826526511399999
N#Cc1cccc(-c2ccc3c(c2)CCN(CC(=O)Nc2cc(Cl)cc(Cl)c2)C32CCN(CC3CC3)CC2)c1	Ki	11.107460356862065
N#Cc1cccc(-c2ccc3c(c2)CCN(CC(=O)Nc2cc(F)cc(F)c2)C32CCN(CC3CC3)CC2)c1	Ki	9.672375831572742
N#Cc1cccc(-c2ccc3c(c2)CCN(CC(=O)Nc2cccc(Cl)c2)C32CCN(CC3CC3)CC2)c1	Ki	10.008848068193954
N#Cc1cccc(-c2ccc3c(c2)CCN(CC(=O)Nc2ccc(Cl)cc2)C32CCN(CC3CC3)CC2)c1	Ki	8.88825687280707
N#Cc1cccc(-c2ccc(C3(c4nc5cc(F)c(C(F)(F)F)cc5[nH]4)CC34CCN(CC3CC3)CC4)cc2)c1	Ki	12.24689464005043
O=C(Nc1ccc2c(c1)CCC(CN1CCOCC1)=C2)c1ccc(-c2ccc(Cl)cc2)cc1	IC50	11.330603908176274
O=c1nc(NC2CC3CCC(C2)N3Cc2ccc3c(c2)OCO3)c2cc(Cl)ccc2n1CC(F)(F)F	IC50	12.429216196844383
O=C(CNC1(c2ccc(-c3cc(Cl)ccc3Cl)cc2)CCN(C2CCCC2)CC1)Nc1ccc(F)c(Cl)c1	Ki	9.864266839382847
O=C(CNC1(c2ccc(-c3c(Cl)cccc3Cl)cc2)CCN(C2CCCC2)CC1)Nc1ccc(F)c(Cl)c1	Ki	6.39672967521348
O=C(CNC1(c2ccc(-c3ccc(Cl)c(Cl)c3)cc2)CCN(C2CCCC2)CC1)Nc1ccc(F)c(Cl)c1	Ki	6.136721559765121
O=C(CNC1(c2ccc(-c3cc(Cl)cc(Cl)c3)cc2)CCN(C2CCCC2)CC1)Nc1ccc(F)c(Cl)c1	Ki	7.148553765535068
O=C(CNC1(c2ccc(-c3cc(F)cc(F)c3)cc2)CCN(C2CCCC2)CC1)Nc1ccc(F)c(Cl)c1	Ki	8.866750667586105
O=C(CNC1(c2ccc(-c3cccc(C(F)(F)F)c3)cc2)CCN(C2CCCC2)CC1)Nc1ccc(F)c(Cl)c1	Ki	8.177155888630528
O=C(CNC1(c2ccc(-c3cccc(Cl)c3)cc2)CCN(C2CCCC2)CC1)Nc1ccc(F)c(Cl)c1	Ki	9.672375831572742
O=C(CNC1(c2ccc(-c3cccc(F)c3)cc2)CCN(C2CCCC2)CC1)Nc1ccc(F)c(Cl)c1	Ki	9.220390707829685
O=C(CNC1(c2ccc(-c3cccc(OC(F)(F)F)c3)cc2)CCN(C2CCCC2)CC1)Nc1ccc(F)c(Cl)c1	Ki	9.484777217677943
N#Cc1ccc(-c2ccc(C3(NCC(=O)Nc4ccc(F)c(Cl)c4)CCN(C4CCCC4)CC3)cc2)cc1	Ki	7.555929093899351
O=C(CNC1(c2ccc(-c3ccc(C(F)(F)F)cc3)cc2)CCN(C2CCCC2)CC1)Nc1ccc(F)c(Cl)c1	Ki	5.7300237858614285
O=C(CNC1(c2ccc(-c3ccc(Cl)cc3)cc2)CCN(C2CCCC2)CC1)Nc1ccc(F)c(Cl)c1	Ki	6.551480415064744
O=C(CNC1(c2ccc(-c3ccc(F)cc3)cc2)CCN(C2CCCC2)CC1)Nc1ccc(F)c(Cl)c1	Ki	8.622553707074063
N#Cc1cccc(-c2ccc(C3(NCC(=O)Nc4ccc(Cl)c(C(F)(F)F)c4)CCN(C4CCCC4)CC3)cc2)c1	Ki	10.680016342035124
N#Cc1cccc(-c2ccc(C3(NCC(=O)Nc4ccc(F)c(C(F)(F)F)c4)CCN(C4CCCC4)CC3)cc2)c1	Ki	11.042921835724492
N#Cc1cccc(-c2ccc(C3(NCC(=O)Nc4ccc(F)c(Cl)c4)CCN(C4CCCC4)CC3)cc2)c1	Ki	12.716898269296165
N#Cc1cccc(-c2ccc(C3(NCC(=O)Nc4cc(Cl)cc(Cl)c4)CCN(C4CCCC4)CC3)cc2)c1	Ki	12.716898269296165
N#Cc1cccc(-c2ccc(C3(NCC(=O)Nc4cc(F)cc(F)c4)CCN(C4CCCC4)CC3)cc2)c1	Ki	12.716898269296165
N#Cc1cccc(-c2ccc(C3(OCC(=O)Nc4ccc(Cl)c(C(F)(F)F)c4)CCN(C4CCCC4)CC3)cc2)c1	Ki	9.923690259853647
N#Cc1cccc(-c2ccc(C3(OCC(=O)Nc4cc(Cl)cc(Cl)c4)CCN(C4CCCC4)CC3)cc2)c1	Ki	13.122363377404328
O=Cc1cccc(-c2ccc(C3(NCC(=O)Nc4ccc(F)c(Cl)c4)CCN(C4CCCC4)CC3)cc2)c1	Ki	10.770988120240851
O=C(CNC1(c2ccc(-c3ccccc3)cc2)CCN(C2CCCC2)CC1)Nc1ccc(F)c(Cl)c1	Ki	8.330713624473619
O=C(CNC1(c2ccc(-c3ccccc3Cl)cc2)CCN(C2CCCC2)CC1)Nc1ccc(F)c(Cl)c1	Ki	7.278818960372969
O=C(CNC1(c2ccc(-c3ccccc3F)cc2)CCN(C2CCCC2)CC1)Nc1ccc(F)c(Cl)c1	Ki	8.633727007672189
N#Cc1cccc(-c2ccc(C3(CCC(=O)Nc4ccc(Cl)c(C(F)(F)F)c4)CCN(C4CCCC4)CC3)cc2)c1	Ki	8.963480294044658
N#Cc1cccc(-c2ccc(C3(CCC(=O)Nc4ccc(F)c(Cl)c4)CCN(C4CCCC4)CC3)cc2)c1	Ki	10.41431317630212
N#Cc1cccc(-c2ccc(C3(CCC(=O)Nc4ccc(F)c(F)c4)CCN(C4CCCC4)CC3)cc2)c1	Ki	11.250561200502737
N#Cc1cccc(-c2ccc(C3(CCC(=O)Nc4cc(Cl)cc(Cl)c4)CCN(C4CCCC4)CC3)cc2)c1	Ki	10.077840939680906
N#Cc1cccc(-c2ccc(C3(CCC(=O)Nc4cc(F)cc(F)c4)CCN(C4CCCC4)CC3)cc2)c1	Ki	10.126631103850338
N#Cc1cccc(-c2ccc(C3(CNC(=O)Nc4cc(Cl)cc(Cl)c4)CCN(C4CCCC4)CC3)cc2)c1	Ki	12.89921982609012
O=C(CN1CCc2cc(-c3cc(Cl)ccc3Cl)ccc2C1C1CCN(C2CCCC2)CC1)Nc1cc(Cl)cc(Cl)c1	Ki	9.34960243930969
O=C(CN1CCc2cc(-c3cccc(C(F)(F)F)c3)ccc2C1C1CCN(C2CCCC2)CC1)Nc1cc(Cl)cc(Cl)c1	Ki	8.563237129917644
O=C(CN1CCc2cc(-c3cccc(-c4ncc[nH]4)c3)ccc2C1C1CCN(C2CCCC2)CC1)Nc1cc(Cl)cc(Cl)c1	Ki	9.986869161475179
O=C(CN1CCc2cc(-c3cccc(Cl)c3)ccc2C1C1CCN(C2CCCC2)CC1)Nc1cc(Cl)cc(Cl)c1	Ki	10.054310442270712
O=C(CN1CCc2cc(-c3cccc(F)c3)ccc2C1C1CCN(C2CCCC2)CC1)Nc1cc(Cl)cc(Cl)c1	Ki	9.525051116815883
O=C(CN1CCc2cc(-c3cccc(OC(F)(F)F)c3)ccc2C1C1CCN(C2CCCC2)CC1)Nc1cc(Cl)cc(Cl)c1	Ki	9.47170513611059
N#Cc1ccc(-c2ccc3c(c2)CCN(CC(=O)Nc2cc(Cl)cc(Cl)c2)C3C2CCN(C3CCCC3)CC2)cc1	Ki	9.133379330840054
N#Cc1cccc(-c2ccc3c(c2)CCN(CC(=O)Nc2cc(Cl)cc(Cl)c2)C3C2CCN(C3CCCC3)CC2)c1	Ki	11.417615285165903
O=Cc1cccc(-c2ccc3c(c2)CCN(CC(=O)Nc2cc(Cl)cc(Cl)c2)C3C2CCN(C3CCCC3)CC2)c1	Ki	9.47170513611059
O=C(CN1CCc2cc(-c3cccc4cccnc34)ccc2C1C1CCN(C2CCCC2)CC1)Nc1cc(Cl)cc(Cl)c1	Ki	7.132149612197999
O=C(CN1CCc2cc(-c3ccccc3)ccc2C1C1CCN(C2CCCC2)CC1)Nc1cc(Cl)cc(Cl)c1	Ki	8.691546578561015
O=C(CN1CCc2cc(-c3ccc[nH]3)ccc2C1C1CCN(C2CCCC2)CC1)Nc1cc(Cl)cc(Cl)c1	Ki	7.695213139013323
O=C(CN1CCc2cc(-c3ccncc3)ccc2C1C1CCN(C2CCCC2)CC1)Nc1cc(Cl)cc(Cl)c1	Ki	10.637456727616328
O=C(CN1CCc2cc(-c3cccnc3)ccc2C1C1CCN(C2CCCC2)CC1)Nc1cc(Cl)cc(Cl)c1	Ki	10.680016342035124
O=C(CN1CCc2cc(-c3ccsc3)ccc2C1C1CCN(C2CCCC2)CC1)Nc1cc(Cl)cc(Cl)c1	Ki	9.070578429601024
N#Cc1cccc(-c2ccc(N(C(=O)Nc3cc(Cl)cc(Cl)c3)C3CCN(C4CCCC4)CC3)cc2)c1	Ki	12.89921982609012
N#Cc1cccc(-c2ccc3c(c2)CCN(CC(=O)Nc2cc(Cl)cc(Cl)c2)C32CCN(C3CCCC3)CC2)c1	Ki	11.042921835724492
O=C(CSc1nnc(Cc2ccccc2)n1Cc1ccco1)NC1CCCC1	IC50	3.1279616570175706
O=C1N/C(=C\c2ccc(CNC3CCCC3)cc2)C(=O)N1c1ccc(Oc2ccccc2)cc1	Ki	5.298317366548036
O=C(NCC(CCNC1CCCC1)c1ccc(-c2ccc(Cl)cc2)cc1)Nc1cc(Cl)cc(Cl)c1	IC50	8.180720954795024
O=C(NCC(CCNC1CCCC1)c1ccc(-c2ccccc2)cc1)Nc1cc(Cl)cc(Cl)c1	IC50	9.903487552536127
O=C(NCC(CCNC1CCCC1)c1ccc(-c2cccnc2)cc1)Nc1cc(Cl)cc(Cl)c1	IC50	10.637456727616328
N#Cc1cccc(-c2ccc(C3(CNC(=O)Nc4cc(Cl)cc(Cl)c4)CCN(C4CCCCC4)CC3)cc2)c1	IC50	13.633189001170319
N#Cc1cccc(-c2ccc3c(c2)CCN(CC(=O)Nc2cc(Cl)cc(Cl)c2)C3C2CCN(C3CCCCC3)CC2)c1	Ki	11.512925464970229
O=C1c2ccc(OC[C@@H]3CCCO3)cc2CCN1[C@@H]1Cc2ccc(CNC3CCCCC3)cc2C1	IC50	7.160070207596626
N#Cc1cccc(-c2ccc3c(c2)CCN(CC(=O)Nc2cc(Cl)cc(Cl)c2)C3C2CCN(C3CCCCCC3)CC2)c1	Ki	11.543384672454938
N#Cc1cccc(-c2ccc3c(c2)CCN(CC(=O)Nc2cc(Cl)cc(Cl)c2)C32CCN(C3CCCCCC3)CC2)c1	Ki	11.417615285165903
O=C(N[C@@H]1Cc2ccc(CN3CCCCCC3)cc2C1)c1ccc(OC[C@@H]2CCCO2)cn1	IC50	7.174328388223683
O=C1N/C(=C\c2ccc(CN3CCCCCC3)cc2)C(=O)N1c1ccc(Oc2ccccc2)cc1	Ki	7.937774776184635
N#Cc1cccc([C@]23CC[C@@H](N(CCN4CCCCCC4)C(=O)Nc4ccc(F)c(Cl)c4)CC2C3)c1	Ki	11.107460356862065
O=C(Nc1ccc(Oc2ccccc2)cc1)Nc1ccc2c(cnn2CCN2CCCCCC2)c1	IC50	12.429216196844383
N#Cc1cccc(-c2ccc(C3(c4nc5cc(F)c(C(F)(F)F)cc5[nH]4)CC34CCN(C(=O)N3CCCC3)CC4)cc2)c1	Ki	10.031320924046012
O=C(Nc1ccc2c(c1)CCC(CN1CCCC1)=C2)c1ccc(-c2ccc(Cl)cc2)cc1	IC50	13.027053197600004
O=C(Nc1ccc2c(c1)CCC(CN1CCCC1)=C2)c1ccc(-c2ccc(F)cc2)cc1	IC50	11.417615285165903
O=C(Nc1ccc2c(c1)CCC(CN1CCCC1)=C2)c1ccc(-c2ccccc2)cc1	IC50	11.330603908176274
O=C1N/C(=C\c2ccc(CN3CCCC3)cc2)C(=O)N1c1ccc(Oc2ccccc2)cc1	Ki	8.421883011611913
O=C(NCCc1ccc(CN2CCCC2)cc1)c1ccc(-c2ccc(Cl)cc2)cc1F	IC50	13.815510557964274
O=C(NCCc1ccc(CN2CCCC2)cc1)c1ccc(-c2ccc(Cl)cc2)cc1	IC50	13.122363377404328
O=C(NCCc1ccc(CN2CCCC2)cc1)c1ccc(-c2ccc(F)cc2)cc1	IC50	12.716898269296165
O=C(Nc1ccc2cc(CN3CCCC3)cnc2c1F)c1ccc(-c2ccc(F)cc2)cc1	IC50	13.898892166903325
O=C(Nc1cc2ncc(CN3CCCC3)cc2cc1Cl)c1ccc(-c2ccc(F)cc2)cc1	IC50	13.479038321343062
O=C(Nc1cc2ncc(CN3CCCC3)cc2cc1F)c1ccc(-c2ccc(F)cc2)cc1	IC50	13.479038321343062
O=C(Nc1ccc2cc(CN3CCCC3)cnc2c1)c1ccc(-c2ccc(Cl)cc2)cc1	IC50	14.116615650748196
O=C(Nc1ccc2cc(CN3CCCC3)cnc2c1)c1ccc(-c2ccc(F)cc2)cc1	IC50	12.785891140783116
O=C(Nc1ccc2cc(CN3CCCC3)cnc2c1)c1ccc(-c2ccccc2)cc1	IC50	11.250561200502737
O=C(Nc1ccc2cc(CN3CCCC3)cnc2c1)c1ccc(-c2ccc(Cl)cc2)nc1	IC50	12.404523584254012
O=C(Nc1ccc2cc(CN3CCCC3)cnc2c1)c1ccc(-c2ccc(F)cc2)nc1	IC50	10.596634733096073
O=C(Nc1ccc2cc(CN3CCCC3)cnc2c1)c1ccc(-c2ccccc2)nc1	IC50	9.525051116815883
O=C(Nc1ccc2cc(CN3CCCC3)cnc2c1)N1CCC(c2ccc(Cl)cc2)CC1	IC50	11.928440908931893
O=C(Nc1ccc2cc(CN3CCCC3)cnc2c1)N1CCC(c2ccc(F)cc2)CC1	IC50	10.26016249647486
O=C(Nc1ccc2cc(CN3CCCC3)cnc2c1)N1CCC(c2ccccc2)CC1	IC50	9.210340371976182
O=c1c2sc(-c3ccc(Cl)cc3)cc2ncn1-c1ccc2nc(CN3CCCC3)ccc2c1	IC50	13.815510557964274
O=C(Nc1ccc2nc(CN3CCCC3)ccc2c1)c1ccc(-c2ccc(F)cc2)cc1	IC50	12.822258784953991
O=c1c2sc(-c3ccc(Cl)cc3)cc2ncn1-c1ccc2c(c1)NCC(CN1CCCC1)O2	IC50	12.98260143502917
Clc1ccc(-c2ccc(C#Cc3ccc(CCN4CCCC4)cc3)nc2)cc1	IC50	10.557414019942792
Clc1ccc(-c2ccc(C#Cc3ccc(CCCN4CCCC4)cc3)nc2)cc1	IC50	11.417615285165903
N#Cc1cccc(-c2ccc(N(CCN3CCCC3)C(=O)Nc3ccc(C(F)(F)F)c(F)c3)cc2)c1	IC50	12.166851932376892
N#Cc1cccc(C2=CC(N(CCN3CCCC3)C(=O)Nc3cc(Cl)cc(Cl)c3)CC2)c1	Ki	7.410282099933433
NCc1ccc(C2=CCC(N(CCN3CCCC3)C(=O)Nc3ccc(F)c(Cl)c3)CC2)s1	Ki	11.711376403694066
NCc1ncc(C2=CCC(N(CCN3CCCC3)C(=O)Nc3ccc(F)c(Cl)c3)CC2)s1	Ki	11.250561200502737
NCc1cnc(C2=CCC(N(CCN3CCCC3)C(=O)Nc3ccc(F)c(Cl)c3)CC2)s1	Ki	10.982297213908058
N#Cc1cccc([C@]23CC[C@@H](N(CCN4CCCC4)C(=O)Nc4ccc(F)c(Cl)c4)[C@H]2C3)c1	Ki	10.92513880006811
O=C(Cc1ccc(Oc2ccccc2)cc1)Nc1ccc2c(cnn2CCN2CCCC2)c1	IC50	9.458801731274683
O=C(Cc1ccc(OCc2ccccc2)cc1)Nc1ccc2c(cnn2CCN2CCCC2)c1	IC50	7.491151595582963
O=C(Nc1ccc(Oc2ccccc2)cc1)Nc1ccc2c(cnn2CCN2CCCC2)c1	IC50	11.330603908176274
O=C(Cc1ccc(OCc2ccccc2)cc1)Nc1ccc2cnn(CCN3CCCC3)c2c1	IC50	13.479038321343062
O=C(Cc1ccc(OCc2ccccc2)cc1)Nc1cccc2c1cnn2CCN1CCCC1	IC50	10.596634733096073
O=C(NC1CCN(Cc2ccc(C(=O)NCCN3CCCC3)c(F)c2)CC1)c1cc(=O)c2ccc(F)cc2o1	IC50	10.4482147279778
O=C(NCCN1CCCC1)c1ccc(CN2CCC(NC(=O)c3cc(=O)c4ccc(F)cc4o3)CC2)c(Cl)c1	IC50	13.122363377404328
O=C(Nc1cccc(F)c1)Nc1cc(C(=O)NCCN2CCCC2)ccc1Oc1ccc(F)c(F)c1	IC50	10.48330604778907
O=C(Nc1cccc(F)c1)Nc1cc(C(=O)NCCN2CCCC2)ccc1Oc1cccc(F)c1	IC50	10.126631103850338
O=C(CCc1ccccc1)Nc1cc(C(=O)NCCN2CCCC2)ccc1Oc1ccc2ccccc2c1	IC50	7.986564940354067
Clc1ccc(-c2ccc(C#Cc3ccc(NCCN4CCCC4)cc3)nc2)cc1	IC50	12.206072645530174
Clc1ccc(-c2ccc(C#Cc3ccc(OCCN4CCCC4)c(Cl)c3)nc2)cc1	IC50	12.206072645530174
Clc1ccc(-c2ccc(C#Cc3ccc(OCCN4CCCC4)cc3Cl)nc2)cc1	IC50	10.819778284410283
Brc1ccc(-c2ccc(C#Cc3ccc(OCCN4CCCC4)cc3)nc2)cc1	IC50	12.02375108873622
Clc1ccc(-c2ccc(C#Cc3ccc(OCCN4CCCC4)cc3)nc2)cc1	IC50	11.86960040890896
O=c1cc(OCc2cccc(Cl)c2)ccn1-c1ccc(OCCN2CCCC2)cc1	IC50	12.380426032674952
O=c1cc(OCc2cccc(F)c2)ccn1-c1ccc(OCCN2CCCC2)cc1	IC50	12.0405582070526
O=c1cc(OCc2ccc3ccccc3c2)ccn1-c1ccc(OCCN2CCCC2)cc1	IC50	11.774290229104636
O=c1cc(OCc2ccc(C(F)(F)F)cc2)ccn1-c1ccc(OCCN2CCCC2)cc1	IC50	11.913403031567354
O=c1cc(OCc2ccc(Cl)cc2)ccn1-c1ccc(OCCN2CCCC2)cc1	IC50	13.479038321343062
O=c1cc(OCc2ccccc2Cl)ccn1-c1ccc(OCCN2CCCC2)cc1	IC50	11.330603908176274
O=c1cc(OCc2ccccc2F)ccn1-c1ccc(OCCN2CCCC2)cc1	IC50	11.652187532303737
Clc1ccc(-c2ccc(C#Cc3ccc(OCCN4CCCC4)nc3)nc2)cc1	IC50	12.02375108873622
Clc1ccc(-c2ccc(C#Cc3ccc(OCCN4CCCC4)nn3)nc2)cc1	IC50	9.47170513611059
O=c1c2sc(-c3ccc(Cl)cc3)cc2ncn1-c1ccc2c(c1)OC[C@@H](CN1CCCC1)O2	IC50	11.86960040890896
O=C(NCC(CCN1CCC(N2CCCCC2)CC1)c1ccc(Cl)c(Cl)c1)Nc1ccc(C(F)(F)F)cc1	IC50	6.812445099177812
O=C(Nc1ccc2c(c1)CCC(CN1CCCCC1)=C2)c1ccc(-c2ccc(Cl)cc2)cc1	IC50	12.89921982609012
O=C1N/C(=C\c2ccc(CN3CCCCC3)cc2)C(=O)N1c1ccc(Oc2ccccc2)cc1	Ki	5.298317366548036
O=C(NCCc1ccc(CN2CCCCC2)cc1)c1ccc(-c2ccc(Cl)cc2)cc1	IC50	13.122363377404328
O=c1c2sc(-c3ccc(Cl)cc3)cc2ncn1-c1ccc2nc(CN3CCCCC3)ccc2c1	IC50	13.932044374220226
O=C(CCN1CCCCC1)Nc1ccc(CN2CCC(NC(=O)c3cc(=O)c4ccc(F)cc4o3)CC2)cc1F	IC50	10.680016342035124
N#Cc1cccc(-c2ccc(C(CCN3CCCCC3)CNC(=O)Nc3cc(Cl)cc(Cl)c3)cc2)c1	IC50	12.129111604394046
N#Cc1cccc([C@]23CC[C@@H](N(CCCCN4CCCCC4)C(=O)Nc4ccc(F)c(C(F)(F)F)c4)[C@H]2C3)c1	Ki	13.345506928718539
O=C(NC1CCN(Cc2ccc(OCCCN3CCCCC3)c(F)c2)CC1)c1cc(=O)c2ccc(F)cc2o1	IC50	12.716898269296165
N#Cc1cccc([C@]23CC[C@@H](N(CCN4CCCCC4)C(=O)Nc4ccc(F)c(Cl)c4)[C@H]2C3)c1	Ki	12.404523584254012
O=C(Nc1ccc(Oc2ccccc2)cc1)Nc1ccc2c(cnn2CCN2CCCCC2)c1	IC50	12.206072645530174
O=C(NCCN1CCCCC1)c1ccc(CN2CCC(NC(=O)c3cc(=O)c4ccc(F)cc4o3)CC2)cc1	IC50	10.982297213908058
O=c1cc(OCc2ccccc2)ccn1-c1ccc(OCCN2CCCCC2)cc1	IC50	12.333906017040059
N#Cc1cccc(-c2ccc3c(c2)CCN(CC(=O)Nc2cc(Cl)cc(Cl)c2)C32CCN(Cc3ccoc3)CC2)c1	Ki	10.231991619508165
N#Cc1cccc(-c2ccc3c(c2)CCN(CC(=O)Nc2cc(Cl)cc(Cl)c2)C32CCNCC2)c1	Ki	9.737973114058555
O=c1c2cc(-c3ccc(Cl)cc3)cn2ncn1-c1ccc(N2CCC(N3CC(O)C3)C2)nc1	Ki	13.479038321343062
O=C(COc1ccc(F)c(F)c1)NC1CCN(Cc2ccn(-c3ccc(C(F)(F)F)cc3)c2)C1	IC50	9.944309547056383
O=C1N/C(=C\c2ccc(CN3CCC(O)C3)cc2)C(=O)N1c1ccc(Oc2ccccc2)cc1	Ki	8.645026562926123
OC1(C(F)(F)F)CCN(CCOc2ccc(C#Cc3ccc(-c4ccc(Cl)cc4)cn3)cc2)CC1	IC50	12.02375108873622
N#Cc1cccc(-c2ccc(C3(c4nc5cc(F)c(C(F)(F)F)cc5[nH]4)CC34CCN(CC(=O)O)CC4)cc2)c1	Ki	10.101938491259967
N#Cc1cccc(-c2ccc(C3(c4nc5cc(F)c(C(F)(F)F)cc5[nH]4)CC34CCN(Cc3ccccc3)CC4)cc2)c1	Ki	11.483366662728685
O=C(NCc1ccc(Cl)cc1O)C1CCN(Cc2ccn(-c3ccc(C(F)(F)F)cc3)c2)CC1	IC50	10.724468104605958
O=C(NCCc1ccccn1)C1CCN(Cc2ccn(-c3ccc(C(F)(F)F)cc3)c2)CC1	IC50	7.989510450583824
N#Cc1cccc(-c2ccc(C(CCc3nc4c(Cl)cc(Cl)cc4[nH]3)C3CCN(Cc4ccccc4)CC3)cc2)c1	Ki	10.557414019942792
O=c1c2sc(-c3ccc(Cl)cc3)cc2ncn1-c1ccc2nc(CN3CCC(c4ccc(C(F)(F)F)cc4)CC3)ccc2c1	IC50	12.007221786785008
O=C(CCC(=O)N1CCC(c2ccc(Cl)cc2)CC1)c1ccc2c(c1)CCNCC2	IC50	10.819778284410283
O=C(CCCN1CCC(c2ccc(Cl)cc2)CC1)c1ccc2c(c1)CCNCC2	IC50	10.724468104605958
O=c1c2sc(-c3ccc(Cl)cc3)cc2ncn1-c1ccc2nc(CN3CCC(c4ccc(F)cc4)CC3)ccc2c1	IC50	12.684108446473173
O=c1c2sc(-c3ccc(Cl)cc3)cc2ncn1-c1ccc2nc(CN3CCC(c4ccccc4)CC3)ccc2c1	IC50	13.553146293496782
O=C(CCCN1CCC(c2ccccc2)CC1)c1ccc2c(c1)CCNCC2	IC50	10.819778284410283
N#Cc1cccc(-c2ccc3c(c2)CCN(CC(=O)Nc2cc(Cl)cc(Cl)c2)C3C2CCN(C3CCOCC3)CC2)c1	Ki	11.959212567598648
N#Cc1cccc(-c2ccc3c(c2)CCN(CC(=O)Nc2cc(Cl)cc(Cl)c2)C3C2CCN(C3CCSC3)CC2)c1	Ki	11.86960040890896
N#Cc1cccc(-c2ccc3c(c2)CCN(CC(=O)Nc2cc(Cl)cc(Cl)c2)C3C2CCN(Cc3ccccc3)CC2)c1	Ki	10.637456727616328
N#Cc1cccc(-c2ccc3c(c2)CCN(CC(=O)Nc2cc(Cl)cc(Cl)c2)C3C2CCN(Cc3ccoc3)CC2)c1	Ki	11.176453228349015
N#Cc1cccc(-c2ccc3c(c2)CCN(CC(=O)Nc2cc(Cl)cc(Cl)c2)C3C2CCN(CCCCCO)CC2)c1	Ki	11.898587945782213
O=C(CC1CCN(Cc2ccn(-c3ccc(C(F)(F)F)cn3)c2)CC1)NC(c1ccc(F)cc1)c1ccc(F)cc1	IC50	10.982297213908058
O=C(CC1CCN(Cc2ccn(-c3ccc(C(F)(F)F)cc3)c2)CC1)NC(c1ccccc1)c1ccccn1	IC50	10.101938491259967
O=C(NC1CCN(Cc2ccc3c(c2)OCO3)CC1)c1cc(=O)c2ccc(Br)cc2o1	IC50	10.349774655164548
O=C(NC1CCN(Cc2ccc3c(c2)OCO3)CC1)c1cc(=O)c2ccc(Cl)cc2o1	IC50	12.206072645530174
O=C(NC1CCN(Cc2ccc3c(c2)OCO3)CC1)c1cc(=O)c2ccc(F)cc2o1	IC50	12.716898269296165
O=C(NC1CCN(Cc2cc3c(cc2Cl)OCO3)CC1)c1cc(=O)c2ccc(F)cc2o1	IC50	10.724468104605958
O=C(NC1CCN(Cc2ccc3c(c2)OCO3)CC1)c1cc(=O)c2ccc(OC(F)F)cc2o1	IC50	9.656627474604603
O=C(NC1CCN(Cc2ccc3c(c2)OCO3)CC1)c1cc(=O)c2cc(Cl)ccc2o1	IC50	7.2170015293497585
O=C(NC1CCN(Cc2ccc3c(c2)OCO3)CC1)c1cc(=O)c2cc(F)ccc2o1	IC50	9.641123288068638
O=C(NC1CCN(Cc2ccc3c(c2)OCO3)CC1)c1cc(=O)c2cc(F)c(F)c(F)c2o1	IC50	9.304651051447424
O=C(NC1CCN(Cc2ccc3c(c2)OCO3)CC1)c1cc(=O)c2cc(F)c(Cl)cc2o1	IC50	12.716898269296165
O=C(NC1CCN(Cc2ccc3c(c2)OCO3)CC1)c1cc(=O)c2cc(F)c(F)cc2o1	IC50	13.122363377404328
O=C(NC1CCN(Cc2ccccc2)CC1)c1ccc(F)cc1	IC50	3.1465551632885744
O=C(NC1CCN(C/C=C/c2ccccc2)CC1)c1ccccc1	IC50	5.035953102080546
O=C(COc1cccc(Cl)c1)NC1CCN(Cc2cccc(-n3cccc3)c2)CC1	IC50	8.121778419161574
O=C(COc1cccc(Cl)c1)NC1CCN(Cc2ccc(-c3ccc(OC(F)(F)F)cc3)o2)CC1	IC50	9.180781569734638
O=C(COc1cccc(Cl)c1)NC1CCN(Cc2ccn(-c3ccc(C(F)(F)F)cc3)c2)CC1	IC50	10.349774655164548
O=C(COc1cccc(Cl)c1)NC1CCN(Cc2ccn(-c3ccc(OC(F)(F)F)cc3)c2)CC1	IC50	11.107460356862065
O=C(COc1cccc(Cl)c1)NC1CCN(Cc2ccn(-c3ccccc3)c2)CC1	IC50	7.250245587928913
O=C(COc1cccc(Cl)c1)NC1CCN(Cc2ccn(-c3ccc(C(F)(F)F)cn3)c2)CC1	IC50	9.293721980915233
N#Cc1c(NC2CCN(Cc3ccc4c(c3)OCO4)CC2)c2cc(Cl)ccc2[nH]c1=O	IC50	11.107460356862065
O=c1cc(NC2CCN(Cc3ccc4c(c3)OCO4)CC2)c2cc(Cl)ccc2n1Cc1ccccc1	IC50	14.038654109278484
O=c1cc(NC2CCN(Cc3ccc4c(c3)OCO4)CC2)c2cc(Cl)ccc2n1Cc1ccccn1	IC50	13.633189001170319
O=c1cc(NC2CCN(Cc3ccc4c(c3)OCO4)CC2)c2cc(Cl)ccc2n1Cc1ccncc1	IC50	13.72020037815995
O=c1cc(NC2CCN(Cc3ccc4c(c3)OCO4)CC2)c2cc(Cl)ccc2[nH]1	IC50	12.429216196844383
O=c1nc(NC2CCN(Cc3ccc4c(c3)OCO4)CC2)c2cc(Cl)ccc2n1CC(F)(F)F	IC50	13.122363377404328
O=c1c2cc(-c3ccc(Cl)cc3)cn2ncn1-c1ccc(N2CCC(O)CC2)nc1	Ki	10.92513880006811
O=C1N/C(=C\c2ccc(CN3CCN(c4ccccc4)CC3)cc2)C(=O)N1c1ccc(Oc2ccccc2)cc1	Ki	5.298317366548036
O=C1N/C(=C\c2ccc(CN3CCN(Cc4ccccc4)CC3)cc2)C(=O)N1c1ccc(Oc2ccccc2)cc1	Ki	5.298317366548036
O=c1c2sc(-c3ccc(Cl)cc3)cc2ncn1-c1ccc2nc(CN3CCN(c4ccccc4)CC3)ccc2c1	IC50	12.480509491231935
O=c1c2cc(-c3ccc(Cl)cc3)cn2ncn1-c1ccc(N2CC[C@@H](O)C2)nc1	Ki	12.110762465725848
O=c1c2cc(-c3ccc(Cl)cn3)cn2ncn1-c1ccc(N2CC[C@@H](O)C2)nc1	Ki	9.826526511399999
O=c1c2sc(-c3ccc(Cl)cc3)cc2ncn1-c1ccc2c(c1)NCC(CN1CC[C@@H](O)C1)O2	IC50	12.591735126342158
N[C@H]1CCN(c2ccc(N3Cc4cn(-c5ccc(Cl)cc5)nc4C3=O)cn2)C1	Ki	13.073573213234896
N#Cc1cccc(-c2ccc(C3(CCC(=O)Nc4ccc(F)c(F)c4)CCNCC3)cc2)c1	Ki	10.596634733096073
O=C(NCC1(c2ccc(-c3cccnc3)cc2)CCNCC1)Nc1cc(Cl)cc(Cl)c1	IC50	10.151948911834628
N#Cc1cccc(-c2ccc(C(=C3CCNCC3)c3nc4cc(F)c(C(F)(F)F)cc4[nH]3)cc2)c1	Ki	12.53457671250221
N#Cc1cccc(-c2ccc(C(NCc3nc4cc(Cl)c(F)cc4[nH]3)C3CCNCC3)cc2)c1	Ki	10.819778284410283
N#Cc1cccc(-c2ccc3c(c2)CCN(CC(=O)Nc2cc(Cl)cc(Cl)c2)C3C2CCNCC2)c1	Ki	10.557414019942792
N#Cc1cccc(-c2ccc3c(c2)CCN(CC(=O)Nc2cc(Cl)cc(Cl)c2)C32CCN(C3CCOCC3)CC2)c1	Ki	11.042921835724492
O=C1N/C(=C\c2ccc(CN3CCOCC3)cc2)C(=O)N1c1ccc(Oc2ccccc2)cc1	Ki	5.298317366548036
O=c1c2sc(-c3ccc(Cl)cc3)cc2ncn1-c1ccc2nc(CN3CCOCC3)ccc2c1	IC50	12.226275352847694
O=c1c2sc(-c3ccc(Cl)cc3)cc2ncn1-c1ccc2c(c1)NCC(CN1CCOCC1)O2	IC50	11.675444394468004
O=c1cc(OCc2ccccc2)ccn1-c1ccc(OCCN2CCOCC2)cc1	IC50	10.637456727616328
N#Cc1cccc(-c2ccc3c(c2)CCN(CC(=O)Nc2cc(Cl)cc(Cl)c2)C32CCN(C3CCSC3)CC2)c1	Ki	10.289150033348113
N#Cc1cccc([C@]23CC[C@@H](N(CCN4CCC[C@@H]4CO)C(=O)Nc4ccc(F)c(Cl)c4)CC2C3)c1	Ki	11.107460356862065
N#Cc1cccc([C@]23CC[C@@H](N(CCN4CCC(O)CC4)C(=O)Nc4ccc(F)c(Cl)c4)CC2C3)c1	Ki	10.724468104605958
N#Cc1cccc([C@]23CC[C@@H](N(CCN4CCOCC4)C(=O)Nc4ccc(F)c(Cl)c4)CC2C3)c1	Ki	9.845218644412153
N#Cc1cccc([C@]23CC[C@@H](N(CCN4CC[C@@H](O)C4)C(=O)Nc4ccc(F)c(Cl)c4)CC2C3)c1	Ki	11.618285980628055
N#Cc1cccc([C@]23CC[C@@H](N(CCN4CC[C@@H](O)C4)C(=O)Nc4ccc(F)c(F)c4)CC2C3)c1	Ki	10.819778284410283
N#Cc1cccc([C@]23CC[C@@H](N(CCN4CC[C@@H](O)C4)C(=O)Nc4cc(F)cc(F)c4)CC2C3)c1	Ki	11.107460356862065
N#Cc1cccc([C@]23CC[C@@H](N(CCN4CC[C@@H](O)C4)C(=O)Nc4cccc(Br)c4)CC2C3)c1	Ki	10.289150033348113
N#Cc1cccc([C@]23CC[C@@H](N(CCN4CC[C@@H](O)C4)C(=O)Nc4cccc(Cl)c4)CC2C3)c1	Ki	10.519673691959945
N#Cc1cccc([C@]23CC[C@@H](N(CCN4CC[C@@H](O)C4)C(=O)Nc4cccc(F)c4)CC2C3)c1	Ki	10.819778284410283
N#Cc1cccc([C@]23CC[C@@H](N(CCN4CC[C@@H](O)C4)C(=O)Nc4cccc([N+](=O)[O-])c4)CC2C3)c1	Ki	9.721165995742174
N#Cc1cccc([C@]23CC[C@@H](N(CCN4CC[C@@H](O)C4)C(=O)Nc4ccc5c(c4)OCO5)CC2C3)c1	Ki	8.917670758013363
N#Cc1cccc([C@]23CC[C@@H](N(CCN4CC[C@@H](O)C4)C(=O)Nc4ccc(F)cc4)CC2C3)c1	Ki	9.826526511399999
N#Cc1cccc([C@]23CC[C@@H](N(CCN4CC[C@@H](O)C4)C(=O)Nc4ccccc4)CC2C3)c1	Ki	8.932708635377903
N#Cc1cccc([C@]23CC[C@@H](N(CCN4CC[C@@H](O)C4)C(=O)Nc4ccccc4F)CC2C3)c1	Ki	6.274358102827966
NCc1ncc([C@]23CC[C@@H](N(CCCN4CC5CC4CN5)C(=O)Nc4ccc(F)c(C(F)(F)F)c4)C2C3)s1	Ki	9.525051116815883
NCc1ncc([C@]23CC[C@@H](N(CCCN4CC[C@H](O)C4)C(=O)Nc4ccc(F)c(C(F)(F)F)c4)C2C3)s1	Ki	10.008848068193954
NCc1ncc([C@]23CC[C@@H](N(CCCN4CC[C@@H](O)C4)C(=O)Nc4ccc(F)c(C(F)(F)F)c4)C2C3)s1	Ki	10.982297213908058
N#Cc1cccc([C@]23CC[C@@H](N(CCCCN4CCOCC4)C(=O)Nc4ccc(F)c(C(F)(F)F)c4)[C@H]2C3)c1	Ki	12.89921982609012
N#Cc1cccc([C@]23CC[C@@H](N(CCN4CC[C@@H](O)C4)C(=O)Nc4ccc(F)c(C(F)(F)F)c4)[C@H]2C3)c1	Ki	11.855415773917004
N#Cc1cccc([C@]23CC[C@@H](N(CCN4CC[C@@H](O)C4)C(=O)Nc4ccc(F)c(Cl)c4)[C@H]2C3)c1	Ki	10.724468104605958
N#Cc1cccc([C@]23CC[C@@H](N(CCN4CCC[C@H]4CO)C(=O)Nc4ccc(F)c(Cl)c4)CC2C3)c1	Ki	11.86960040890896
CC(=O)N(C)C1CCN(c2ccc(N3Cc4cn(-c5ccc(Cl)cc5)nc4C3=O)cn2)C1	Ki	11.943708381062683
CC(=O)N1CCC(CCC(=O)Nc2ccc(F)c(F)c2)(c2ccc(-c3cccc(C#N)c3)cc2)CC1	Ki	9.704636693790963
CC(=O)N1CCC(C2c3ccc(-c4cccc(C#N)c4)cc3CCN2CC(=O)Nc2cc(Cl)cc(Cl)c2)CC1	Ki	6.983556992398419
CC(=O)N1CCC2(CC1)c1ccc(-c3cccc(C#N)c3)cc1CCN2CC(=O)Nc1cc(Cl)cc(Cl)c1	Ki	7.102554357287205
CC(=O)N1CCc2ccc(C(=O)CCC(=O)N3CCC(c4ccc(Cl)cc4)CC3)cc2CC1	IC50	8.568486485803788
CC(=O)N1CCc2ccc(C(=O)CCCN3CCC(c4ccc(Cl)cc4)CC3)cc2CC1	IC50	11.417615285165903
CC(=O)N1CCc2ccc(C(=O)CCCN3CCN(Cc4ccccc4)CC3)cc2CC1	IC50	6.907755278982137
CC(=O)N1CCc2ccc(OCCCN3CCC(c4ccc(Cl)cc4)CC3)cc2CC1	IC50	9.210340371976182
CC(=O)N1CCN(Cc2ccc(/C=C3\NC(=O)N(c4ccc(Oc5ccccc5)cc4)C3=O)cc2)CC1	Ki	6.185049296180647
COCC1=C(C(=O)OC)[C@H](c2ccc(F)c(F)c2)N(C(=O)NCCCN2CCC(c3cccc(NC(C)=O)c3)CC2)C(=O)N1	Ki	15.201804919084164
CC(=O)Nc1cccc(C2CCN(CCCNc3nc4ccccc4n3-c3cccc(Cl)c3)CC2)c1	IC50	9.115030192171858
CC(=O)Nc1cccc(C2CCN(CCCNc3nc4ccccc4n3-c3ccc(C#N)cc3)CC2)c1	IC50	9.552830680922959
COc1ccc(-n2c(NCCCN3CCC(c4cccc(NC(C)=O)c4)CC3)nc3ccccc32)cc1	IC50	9.115030192171858
CC(=O)Nc1cccc(C2CCN(CCCNc3nc4ccccc4n3Cc3cccc(C#N)c3)CC2)c1	IC50	8.87386813535497
CC(=O)Nc1cccc(C2CCN(CCCNc3nc4ccccc4n3Cc3cccc(C(F)(F)F)c3)CC2)c1	IC50	9.282911064811017
CC(=O)Nc1cccc(C2CCN(CCCNc3nc4ccccc4n3Cc3cccc(OC(F)(F)F)c3)CC2)c1	IC50	9.338173743486069
CC(=O)Nc1cccc(C2CCN(CCCNc3nc4ccccc4n3Cc3ccc(C(C)(C)C)cc3)CC2)c1	IC50	7.418580902748128
CC(=O)Nc1cccc(C2CCN(CCCNc3nc4ccccc4n3Cc3ccc(OC(F)(F)F)cc3)CC2)c1	IC50	9.372859301473957
CC(=O)Nc1cccc([C@]23CC[C@@H](N(CCCN4CCN(C)CC4)C(=O)Nc4ccc(F)c(Cl)c4)[C@H]2C3)c1	Ki	12.89921982609012
CC(=O)NC1CCN(CCN(C(=O)Nc2ccc(F)c(Cl)c2)[C@@H]2CC[C@]3(c4cccc(C#N)c4)CC3C2)C1	Ki	10.680016342035124
CN1CCN(CCCN(C(=O)Nc2ccc(F)c(Cl)c2)[C@@H]2CC[C@]3(c4cccc(NC(=O)C(C)(C)C)c4)C[C@H]23)CC1	Ki	9.070578429601024
COc1cc(N2Cc3ccc(-c4ccc(C(C)(C)C)cc4)nc3C2=O)ccc1OCCN1CCCC1	IC50	8.047189562170502
Cn1c(CC(C)(C)C)nc2ccc(-n3ccc(OCc4ccc(F)cc4)cc3=O)cc21	IC50	6.907755278982137
CN(C(=O)c1ccc(OCC2CC2)cc1)[C@@H]1Cc2ccc(CNCC(C)(C)C)cc2C1	IC50	8.845697258388274
CN(C(=O)c1ccc(OC[C@@H]2CCCO2)cc1)[C@@H]1Cc2ccc(CNCC(C)(C)C)cc2C1	IC50	8.845697258388274
CC(C)(C)CNCc1ccc2c(c1)C[C@H](NC(=O)c1ccc(OC[C@@H]3CCCO3)cc1)C2	IC50	8.412833176091995
CC(C)(C)NC1CCN(c2ccc(N3Cc4cn(-c5ccc(Cl)cc5)nc4C3=O)cn2)C1	Ki	12.822258784953991
CC(C)(C)OC(=O)N1CCC2(CC1)c1ccc(-c3cccc(C#N)c3)cc1CCN2CC(=O)Nc1cc(Cl)cc(Cl)c1	Ki	6.907755278982137
CC(C)(O)c1nc2cc(Cl)ccc2n1C1CCC(NCC2Cc3ccc(C(F)(F)F)cc3C2)CC1	IC50	8.377431249041079
CC(C)(O)c1nc2cc(Cl)ccc2n1C1CCC(NCC2Cc3ccc(Cl)cc3C2)CC1	IC50	10.349774655164548
CC(C)(O)c1nc2cc(Cl)ccc2n1C1CCC(NCC2Cc3ccccc3C2)CC1	IC50	10.126631103850338
CC(C)(O)c1nc2cc(Cl)ccc2n1C1CCC(NC[C@@H]2Cc3ccc(C#N)cc3C2)CC1	IC50	12.0405582070526
CC(C)(O)c1nc2cc(Cl)ccc2n1C1CCC(NC[C@H]2Cc3ccc(Br)cc3C2)CC1	IC50	10.770988120240851
CC(C)(O)c1nc2cc(Cl)ccc2n1C1CCC(NC[C@H]2Cc3ccc(C#N)cc3C2)CC1	IC50	12.716898269296165
CN(C(=O)c1ccc(OCC2CC2)cc1)[C@@H]1Cc2ccc(CN3CCC(C(C)(C)O)CC3)cc2C1	IC50	8.131930790625592
CN(C)CC(C)(C)Oc1ccc(-n2ccc(OCc3ccccc3)cc2=O)cc1	IC50	8.622553707074063
COc1cc(-n2ccc(-c3ccc(C(F)(F)F)cc3)cc2=O)ccc1OCC(C)(C)O	Ki	11.86960040890896
COc1cc(-n2ccc(CNc3ccc(Cl)cc3)cc2=O)ccc1OCC(C)(C)O	Ki	7.600902459542082
COc1cc(-n2ccc(COc3ccccn3)cc2=O)ccc1OCC(C)(C)O	Ki	6.057177090473363
COc1cc(-n2ccc(SCc3ccc(Cl)cc3)cc2=O)ccc1OCC(C)(C)O	Ki	12.429216196844383
COc1cc(-n2cnc3cc(-c4ccc(Cl)cc4)sc3c2=O)ccc1OCC(C)(C)O	IC50	11.141361908537744
COc1cc(-n2cnn3cc(-c4ccc(Cl)cc4)cc3c2=O)ccc1OCC(C)(C)O	IC50	10.031320924046014
COc1cc(-n2cnn3cc(-c4ncc(Cl)cn4)cc3c2=O)ccc1OCC(C)(C)O	Ki	11.107460356862065
COc1cc(N2Cc3cn(-c4ccc(Cl)cc4)nc3C2=O)ccc1OCC(C)(C)O	IC50	6.748190709310799
COc1cc(N2Cc3cn(-c4ccc(Cl)cc4)nc3C2=O)ccc1OCC(C)(C)OC(=O)CN	Ki	12.480509491231935
COc1cc(N2Cc3cn(-c4ccc(Cl)cn4)nc3C2=O)ccc1OCC(C)(C)O	Ki	10.031320924046012
COc1cc(N2Cc3nn(-c4ccc(Cl)cc4)cc3C2=O)ccc1OCC(C)(C)O	Ki	9.142681723502369
COc1cc(N2Cc3nn(-c4ccc(Cl)cc4)nc3C2=O)ccc1OCC(C)(C)O	Ki	10.289150033348113
CC(C)C(=O)Nc1cc(C2CCN(CCCNC(=O)C(c3ccc(F)cc3)c3ccc(F)cc3)CC2)c(F)cc1F	IC50	10.289150033348113
CC(C)C(=O)Nc1c(F)cc(F)c(C2CCN(CCCNC(=O)C(c3ccc(F)cc3)c3ccc(F)cc3)CC2)c1F	Ki	12.750799820971846
CC(C)C(=O)Nc1cccc(C2CCN(CCCCCCNC(=O)C(c3ccccc3)c3ccccc3)CC2)c1	IC50	7.418580902748128
CC(C)C(=O)Nc1cccc(C2CCN(CCCCCNC(=O)C(c3ccccc3)c3ccccc3)CC2)c1	Ki	9.965362956254216
CC(C)C(=O)Nc1cccc(C2CCN(CCCCNC(=O)C(c3ccccc3)c3ccccc3)CC2)c1	IC50	7.385791079925137
CC(C)C(=O)Nc1cccc(C2CCN(CCCNC(=O)C(C)(c3ccccc3)c3ccccc3)CC2)c1	IC50	8.87386813535497
CC(C)C(=O)Nc1cccc(C2CCN(CCCNC(=O)C(c3ccc(Cl)cc3)c3ccc(Cl)cc3)CC2)c1	Ki	12.940041820610373
CC(C)C(=O)Nc1cccc(C2CCN(CCCNC(=O)C(c3ccc(F)cc3)c3ccc(F)cc3)CC2)c1	IC50	11.250561200502737
CC(C)C(=O)Nc1cccc(C2CCN(CCCNC(=O)C(c3ccccc3)c3ccccc3)CC2)c1	IC50	10.596634733096073
CC(C)C(=O)Nc1cccc(C2CCN(CCNC(=O)C(c3ccccc3)c3ccccc3)CC2)c1	IC50	9.772459290129724
CC(C)C(=O)Nc1cccc([C@]23CC[C@@H](N(CCCN4CCN(C)CC4)C(=O)Nc4ccc(F)c(Cl)c4)[C@H]2C3)c1	Ki	11.100815814143395
COc1cc(N2Cc3ccc(-c4ccc(C(C)C)cc4)nc3C2=O)ccc1OCCN1CCCC1	IC50	9.315700887634009
CC(C)CN1CCN(CCN(C(=O)Nc2ccc(F)c(C(F)(F)F)c2)[C@@H]2CC[C@]3(c4cccc(C#N)c4)C[C@H]23)CC1	Ki	11.618285980628055
CC(C)N(CCN(C(=O)Nc1ccc(F)c(F)c1)[C@@H]1CC[C@]2(c3cccc(Br)c3)CC2C1)C(C)C	Ki	11.761386824268728
CC(C)N(CCN(C(=O)Nc1ccc(F)c(Cl)c1)[C@@H]1CC[C@]2(c3cccc(C#N)c3)CC2C1)C(C)C	Ki	12.206072645530174
CC(C)N(CCF)CCN(C(=O)Nc1ccc(F)c(Cl)c1)[C@@H]1CC[C@]2(c3cccc(C#N)c3)CC2C1	Ki	11.330603908176274
CC(C)N(CCO)CCN(C(=O)Nc1ccc(F)c(Cl)c1)[C@@H]1CC[C@]2(c3cccc(C#N)c3)CC2C1	Ki	11.652187532303737
CC(C)N(CCN(C(=O)Nc1cc(F)cc(F)c1)[C@@H]1CC[C@]2(c3cccc(C#N)c3)CC2C1)C(C)C	Ki	12.311433161188
CC(C)N(CCN(C(=O)Nc1cccc(Br)c1)[C@@H]1CC[C@]2(c3cccc(C#N)c3)CC2C1)C(C)C	Ki	12.07504438312377
CC(C)N(CCN(C(=O)Nc1cccc(Cl)c1)[C@@H]1CC[C@]2(c3cccc(C#N)c3)CC2C1)C(C)C	Ki	12.02375108873622
CC(C)N(CCN(C(=O)Nc1cccc(F)c1)[C@@H]1CC[C@]2(c3cccc(C#N)c3)CC2C1)C(C)C	Ki	13.073573213234896
CC(C)N(CCN(C(=O)Nc1cccc([N+](=O)[O-])c1)[C@@H]1CC[C@]2(c3cccc(C#N)c3)CC2C1)C(C)C	Ki	12.822258784953991
CC(C)N(CCN(C(=O)Nc1cc(Cl)nc(Cl)c1)[C@@H]1CC[C@]2(c3cccc(C#N)c3)CC2C1)C(C)C	Ki	13.122363377404328
CC(C)N(CCF)CCN(C(=O)Nc1cc(Cl)nc(Cl)c1)[C@@H]1CC[C@]2(c3cccc(C#N)c3)CC2C1	Ki	11.512925464970229
CC(C)N(CCO)CCN(C(=O)Nc1cc(Cl)nc(Cl)c1)[C@@H]1CC[C@]2(c3cccc(C#N)c3)CC2C1	Ki	13.345506928718539
CC(C)N(CCN(C(=O)Nc1ccc(F)c(Cl)c1)[C@@H]1CC[C@]2(c3cccc(C(N)=O)c3)CC2C1)C(C)C	Ki	8.859683500363014
COC(=O)c1cccc([C@]23CC[C@@H](N(CCN(C(C)C)C(C)C)C(=O)Nc4ccc(F)c(F)c4)CC2C3)c1	Ki	10.289150033348113
CC(C)N(CCN(C(=O)Nc1ccc(F)c(Cl)c1)[C@@H]1CC[C@]2(c3cccc(CO)c3)CC2C1)C(C)C	Ki	9.944309547056383
COc1cc(N(C)C(=O)c2ccc(-c3ccccc3)cc2)ccc1OCCN(C(C)C)C(C)C	Ki	11.052341057640984
COc1cc(N2C(=O)c3ccc(-c4ccccc4)cc3C2=O)ccc1OCCN(C(C)C)C(C)C	Ki	8.980102048186106
COc1cc(N2Cc3ccc(-c4ccccc4)cc3C2=O)ccc1OCCN(C(C)C)C(C)C	Ki	7.828782208956732
COc1cc(NC(=O)c2ccc(-c3ccccc3)cc2)ccc1OCCN(C(C)C)C(C)C	Ki	10.361720726182948
CC(C)N(CCOc1ccc(-n2ccc(OCc3ccccc3)cc2=O)cc1)C(C)C	IC50	12.186270018233994
CC(C)N(CCOc1ccc(NC(=O)c2ccc(-c3ccccc3)cc2)cc1)C(C)C	Ki	9.670789788417107
CC(C)N1CCC(C2c3ccc(-c4cccc(C#N)c4)cc3CCN2CC(=O)Nc2cc(Cl)cc(Cl)c2)CC1	Ki	10.26016249647486
CC(C)N1CCC2(CC1)c1ccc(-c3cccc(C#N)c3)cc1CCN2CC(=O)Nc1cc(Cl)cc(Cl)c1	Ki	10.4482147279778
CC(C)S(=O)(=O)N1CCC2(CC1)CC2(c1ccc(-c2cccc(C#N)c2)cc1)c1nc2cc(F)c(C(F)(F)F)cc2[nH]1	Ki	9.610817938573309
CC(CN(C)C)Oc1ccc(-n2ccc(OCc3ccccc3)cc2=O)cc1	IC50	9.883684925239947
COc1cc(-n2cnn3cc(-c4ccc(Cl)cc4)cc3c2=O)ccc1OCC(C)O	Ki	13.479038321343062
COc1cc(N2Cc3cn(-c4ccc(Cl)cc4)nc3C2=O)ccc1OCC(C)O	Ki	11.250561200502737
COc1cc(N2Cc3nn(-c4ccc(Cl)cc4)cc3C2=O)ccc1OCC(C)O	Ki	8.004369564987574
CN(C(=O)c1ccc(OCC2CC2)cc1)[C@@H]1Cc2ccc(CNCC3(C)CC3)cc2C1	IC50	9.019720012367532
CC1(CNCc2ccc3c(c2)C[C@H](NC(=O)c2ccc(OCC4CC4)cn2)C3)CC1	IC50	6.868534565828855
CN(C(=O)N1CC[C@H](n2cnc3cc(-c4ccc(Cl)cc4)sc3c2=O)C1)[C@H]1CCN(C2CCC(C)(C)CC2)C1	IC50	11.512925464970229
CC1(C)CCN(Cc2ccc3c(c2)C[C@H](NC(=O)c2ccc(OC[C@@H]4CCCO4)cc2)C3)CC1	IC50	8.477972478262956
COc1cc(N2Cc3ccc(-c4cccc(C)c4C)nc3C2=O)ccc1OCCN1CCCC1	IC50	8.568486485803788
COc1cc(N2Cc3ccc(-c4ccc(C)c(C)c4)nc3C2=O)ccc1OCCN1CCCC1	IC50	8.622553707074063
Cc1ccc(NC(=O)C(C)C)cc1C1CCN(CCCNC(=O)C(c2ccc(F)cc2)c2ccc(F)cc2)CC1	IC50	10.519673691959945
Cc1ccc(NC(=O)C(C)C)cc1C1CCN(CCCNC(=O)C(O)(c2ccccc2)c2ccccc2)CC1	IC50	10.519673691959945
Cc1ccc(NC(=O)C(C)C)cc1C1CCN(CCCNC(=O)C(c2ccccc2)c2ccccc2)CC1	IC50	10.519673691959945
Cc1ccc(NC(=O)C(C)C)cc1C1CCN(CCCNC(=O)C2(c3ccc(F)cc3)CCCC2)CC1	IC50	10.031320924046012
Cc1ccc(NC(=O)C(C)C)cc1C1CCN(CCCNC(=O)C2(c3ccc(F)cc3)CCCCC2)CC1	IC50	8.568486485803788
Cc1ccc(NC(=O)C(C)C)cc1C1CCN(CCCNC(=O)[C@@H](C)c2ccc(F)cc2)CC1	IC50	10.557414019942792
Cc1ccc(NC(=O)C(C)C)cc1C1CCN(CCCNC(=O)[C@@H](C)c2ccccc2)CC1	IC50	9.596002852788168
Cc1ccc(NC(=O)C(C)C)cc1C1CCN(CCCNC(=O)[C@H](C)c2ccc(F)cc2)CC1	IC50	9.641123288068638
Cc1ccc(NC(=O)C(C)C)cc1C1CCN(CCCNC(=O)[C@H](C)c2ccccc2)CC1	IC50	8.947976107508692
Cc1ccc(NC(=O)N(CCN2CC[C@@H](O)C2)[C@@H]2CC[C@]3(c4cccc(C#N)c4)CC3C2)cc1F	Ki	9.944309547056383
Cc1ccc(Oc2ccc(C(=O)NCCN)cc2NC(=O)CCc2ccccc2)cc1C	IC50	6.907755278982137
Cc1ccc(Oc2ccc(C(=O)NCCN3CCCC3)cc2NC(=O)/C=C/c2ccccc2)cc1C	IC50	8.377431249041079
CC(=O)Nc1cc(C(=O)NCCN2CCCC2)ccc1Oc1ccc(C)c(C)c1	IC50	6.907755278982137
Cc1ccc(Oc2ccc(C(=O)NCCN3CCCC3)cc2NC(=O)Cc2ccccc2)cc1C	IC50	6.907755278982137
Cc1ccc(Oc2ccc(C(=O)NCCN3CCCC3)cc2NC(=O)CCc2ccccc2)cc1C	IC50	7.402051600796917
Cc1ccc(Oc2ccc(C(=O)NCCN3CCCC3)cc2NC(=O)N(C)c2ccccc2)cc1C	IC50	6.907755278982137
Cc1ccc(Oc2ccc(C(=O)NCCN3CCCC3)cc2NC(=O)Nc2cccc(F)c2)cc1C	IC50	12.716898269296165
Cc1ccc(Oc2ccc(C(=O)NCCN3CCCC3)cc2NC(=O)Nc2ccc(Br)cc2)cc1C	IC50	10.48330604778907
Cc1ccc(Oc2ccc(C(=O)NCCN3CCCC3)cc2NC(=O)Nc2ccc(-c3ccccc3)cc2)cc1C	IC50	7.824046010856292
Cc1ccc(Oc2ccc(C(=O)NCCN3CCCC3)cc2NC(=O)Nc2ccc(Oc3ccccc3)cc2)cc1C	IC50	7.6842840684811335
Cc1ccc(Oc2ccc(C(=O)NCCN3CCCC3)cc2NC(=O)Nc2ccccc2)cc1C	IC50	12.206072645530174
Cc1ccc(Oc2ccc(C(=O)NCCN3CCCC3)cc2NC(=O)Nc2ccccc2Cl)cc1C	IC50	11.86960040890896
Cc1ccc(Oc2ccc(C(=O)NCCN3CCCC3)cc2NC(=O)Nc2ccccn2)cc1C	IC50	6.907755278982137
Cc1ccc(Oc2ccc(C(=O)NCCN3CCCC3)cc2NC(=O)Oc2ccccc2)cc1C	IC50	6.907755278982137
Cc1ccc(Oc2ccc(C(=O)NCCN3CCCC3)cc2NC(=O)[C@@H]2C[C@H]2c2ccccc2)cc1C	IC50	8.047189562170502
Cc1ccc(Sc2ccc(C(=O)NCCN3CCCC3)cc2NC(=O)CCc2ccccc2)cc1C	IC50	6.907755278982137
Cc1cc(CN(C)C)ccc1OC1CN(C(=O)c2nnc(-c3ccccc3)o2)C1	IC50	12.206072645530174
Cc1cc(Oc2ccc(C(=O)NCCN3CCCC3)cc2NC(=O)Nc2cccc(F)c2)ccc1F	IC50	12.02375108873622
COc1ccc(-c2nnc(C(=O)N3CC(Oc4ccc(CN(C)C)c(C)c4)C3)o2)cc1	IC50	11.176453228349015
Cc1c(NC(=O)c2ccc(OCC3CC3)cc2)ccc2cc(C(C)N3CCCC3)cnc12	IC50	13.284882306902103
Cc1c(NC(=O)c2ccc(-c3ccc(Cl)cc3)cc2)ccc2cc(CN3CCCC3)cnc12	IC50	14.837161805496255
Cc1c(NC(=O)c2ccc(-c3ccc(F)cc3)cc2)ccc2cc(CN3CCCC3)cnc12	IC50	13.284882306902103
COc1ccc(-c2ccc(C(=O)Nc3ccc4cc(CN5CCCC5)cnc4c3C)cc2)cc1	IC50	14.450388830400243
Cc1c(NC(=O)c2ccc(-c3ccccc3)cc2)ccc2cc(CN3CCCC3)cnc12	IC50	13.227723893062155
Cc1c(NC(=O)c2ccc(OCC3CC3)cc2)ccc2cc(CN3CCCC3)cnc12	IC50	13.227723893062155
Cc1c(NC(=O)CCCC(=O)c2ccc(F)cc2)ccc2cc(CN3CCCC3)cnc12	IC50	12.356895535264757
Cc1c(NC(=O)CCCCc2ccc(F)cc2)ccc2cc(CN3CCCC3)cnc12	IC50	12.652359748158593
Cc1nc2ccc(-n3ccc(OCc4ccccc4)cc3=O)cn2c1C	IC50	9.433483923290392
Cc1c(C2CC2)nc2ccc(-n3ncc(OCc4ccc(Cl)cc4)cc3=O)cn12	IC50	9.115030192171858
Cc1c(C2CC2)nc2ccc(-n3ccc(OCc4ccc(Br)cc4)cc3=O)cn12	IC50	11.585496157805064
Cc1c(C2CC2)nc2ccc(-n3ccc(OCc4ccc(C(C)C)cc4)cc3=O)cn12	IC50	8.334871634622283
Cc1c(C2CC2)nc2ccc(-n3ccc(OCc4ccc(C(F)(F)F)cc4)cc3=O)cn12	IC50	9.408791310700021
Cc1c(C2CC2)nc2ccc(-n3ccc(OCc4ccc(Cl)cc4)cc3=O)cn12	IC50	10.680016342035124
Cc1c(C#N)nc2ccc(-n3ccc(OCc4ccc(F)cc4)cc3=O)cn12	IC50	6.907755278982137
CC(=O)c1nc2ccc(-n3ccc(OCc4ccc(F)cc4)cc3=O)cn2c1C	IC50	6.907755278982137
Cc1c(C(=O)C2CC2)nc2ccc(-n3ccc(OCc4ccc(F)cc4)cc3=O)cn12	IC50	6.907755278982137
Cc1c(C(=O)N(C)C)nc2ccc(-n3ccc(OCc4ccc(F)cc4)cc3=O)cn12	IC50	6.907755278982137
Cc1c(C2CC2)nc2ccc(-n3ccc(OCc4ccc(F)cc4)cc3=O)cn12	IC50	10.48330604778907
Cc1c(CC#N)nc2ccc(-n3ccc(OCc4ccc(F)cc4)cc3=O)cn12	IC50	8.679712120914012
Cc1c(CO)nc2ccc(-n3ccc(OCc4ccc(F)cc4)cc3=O)cn12	IC50	6.907755278982137
COCc1nc2ccc(-n3ccc(OCc4ccc(F)cc4)cc3=O)cn2c1C	IC50	6.907755278982137
Cc1c(C2CC2)nc2ccc(-n3ccc(OCc4ccccc4)cc3=O)cn12	IC50	10.48330604778907
Cc1c(C2CC2)nc2ccc(-n3ccc(OCc4ccccn4)cc3=O)cn12	IC50	8.804875263868018
Cc1c(C2CC2)nc2ccc(-n3ccc(OCc4cccs4)cc3=O)cn12	IC50	8.947976107508692
Cc1c(C2CC2)nc2ccc(-n3ccc(OCc4ccncc4)cc3=O)cn12	IC50	6.907755278982137
Cc1c(C2CC2)nc2ccc(-n3ccc(OCc4cccnc4)cc3=O)cn12	IC50	6.907755278982137
Cc1c(C2CC2)nc2ccc(-n3ccc(OCc4cncnc4)cc3=O)cn12	IC50	6.907755278982137
Cc1c(C2CC2)nc2ccc(-n3ccc(OCc4csc(C(F)(F)F)c4)cc3=O)cn12	IC50	11.107460356862065
Cc1c(C2CC2)nc2ccc(-n3ccc(OCc4csc(Cl)c4)cc3=O)cn12	IC50	10.871071578797833
Cc1c(C2CC2)nc2ccc(-n3ccc(OCc4ccsc4)cc3=O)cn12	IC50	9.826526511399999
Cc1c(C2CC2)nc2ccc(-n3ccc(OCc4ccc(Cl)cn4)cc3=O)cn12	IC50	10.871071578797833
Cc1c(C2CC2)nc2ccc(-n3ccc(OCc4ccc(Cl)cc4)nc3=O)cn12	IC50	8.87386813535497
Cc1c(C2CC2)nc2ccc(-n3ccc4oc(-c5ccc(Cl)cc5)cc4c3=O)cn12	IC50	10.077840939680906
Cc1c(C2CC2)nc2ccc(-n3cnc(OCc4ccc(Cl)cc4)cc3=O)cn12	IC50	8.87386813535497
Cc1c(C2CC2)nc2ncc(-n3ccc(OCc4ccc(Cl)cc4)cc3=O)cn12	IC50	6.907755278982137
Cc1c(C2CC2)nc2cnc(-n3ccc(OCc4ccc(Cl)cc4)cc3=O)cn12	IC50	10.031320924046012
Cc1c(C2CC2)nc2ccc(-n3ccc(OCc4ccc(Cl)cc4)cc3=O)nn12	IC50	7.875339305243843
Cc1c(C(=O)NC2CCN(Cc3ccc4c(c3)OCO4)CC2)oc2cc(Cl)ccc2c1=O	IC50	13.122363377404328
Cc1nc(N2CCC(N)CC2)nc2ccc(NC(=O)COc3ccc(Cl)cc3)cc12	IC50	7.402051600796917
Cc1nc(N2CCC(N)CC2)nc2ccc(NC(=O)COc3ccc(OC(F)(F)F)cc3)cc12	IC50	9.433483923290392
Cc1nc(N2CCC(N3CCCC3)CC2)nc2ccc(NC(=O)COc3ccc(Cl)cc3)cc12	IC50	9.421061403291835
Cc1nc(N2CCC(N3CCCC3)CC2)nc2ccc(NC(=O)COc3ccc(OC(F)(F)F)cc3)cc12	IC50	9.028018815182229
Cc1c2cc(-n3ccc(OCc4cc(C(F)(F)F)cs4)cc3=O)ccc2nn1C	IC50	9.511445464760104
Cc1c2cc(-n3ccc(OCc4ccc(Cl)cc4)cc3=O)ccc2nn1C	IC50	10.26016249647486
Cc1c2cc(-n3ccc(OCc4ccc(F)cc4)cc3=O)ccc2nn1C	IC50	9.115030192171858
Cc1c2cc(-n3ccc(OCc4ccc(C(F)(F)F)s4)cc3=O)ccc2nn1C	IC50	8.679712120914012
Cc1c2cc(-n3ccc(OCc4csc(C(F)(F)F)c4)cc3=O)ccc2nn1C	IC50	9.315700887634009
Cc1c2cc(-n3ccc(OCc4csc(C(F)(F)F)n4)cc3=O)ccc2nn1C	IC50	8.377431249041079
Cc1c2cc(-n3ccc(OCc4nc(C(F)(F)F)cs4)cc3=O)ccc2nn1C	IC50	8.947976107508692
Cc1c2cc(-n3ccc(OCc4ccc(Cl)cc4)cc3=O)ccc2nn1C1CC1	IC50	10.319002996497794
Cc1c2cc(-n3ccc(OCc4ccc(F)cc4)cc3=O)ccc2nn1C1CC1	IC50	10.054310442270712
Cc1c2cc(-n3ccc(OCc4csc(C(F)(F)F)c4)cc3=O)ccc2nn1C1CC1	IC50	9.446062705497253
COc1cc(N2Cc3ccc(-c4cc(C)ccc4C)nc3C2=O)ccc1OCCN1CCCC1	IC50	8.111728083308073
COc1nn(-c2cccc(C)c2)c(=O)c(Cl)c1Cl	IC50	5.7763531674910364
Cc1cccc(Oc2ccc(C(=O)NCCN3CCCC3)cc2NC(=O)Nc2cccc(F)c2)c1	IC50	11.86960040890896
Cc1cc(N2CCOCC2)nc2ccc(NC(=O)COc3ccc(OC(F)(F)F)cc3)cc12	IC50	9.903487552536127
COc1ccc2nc(NCCCNCc3ccsc3)cc(C)c2c1	IC50	11.107460356862065
COc1ccc2nc(N[C@H]3CC[C@H](NCc4ccsc4)C3)cc(C)c2c1	IC50	9.688376172919183
COc1ccc2nc(N[C@H]3C[C@@H]4C[C@H]3[C@@H](NCc3ccsc3)C4)cc(C)c2c1	IC50	10.26016249647486
COc1ccc2nc(N[C@H]3C[C@H]4C[C@@H]3[C@@H](NCc3ccsc3)C4)cc(C)c2c1	IC50	7.904713913923747
COc1ccc2c(C)cc(N[C@H]3CCC[C@H](NCc4cccc(OC(F)(F)F)c4)C3)nc2c1	IC50	11.107460356862065
COc1ccc2c(C)cc(N[C@H]3CCC[C@H](NCc4cccc5nsnc45)C3)nc2c1	IC50	11.512925464970229
COc1ccc2c(C)cc(N[C@H]3CCC[C@H](NCc4cn(C)nc4C)C3)nc2c1	IC50	8.633727007672189
COc1ccc2c(C)cc(N[C@H]3CC[C@H](NCc4cn(C)c5ccc(C#N)cc45)C3)nc2c1	IC50	10.151948911834628
COc1ccc2c(C)cc(N[C@H]3CC[C@H](NCc4cn(C)c5ccc(OCc6ccccc6)cc45)C3)nc2c1	IC50	9.433483923290392
COc1ccc2c(C)cc(N[C@H]3CC[C@H](NCc4cn(C)c5cc(C#N)ccc45)C3)nc2c1	IC50	9.04482593349861
COc1ccc2c(C)cc(N[C@H]3CC[C@H](NCc4cn(C)c5c4ccc4cccnc45)C3)nc2c1	IC50	9.552830680922959
COc1ccc2c(C)cc(N[C@H]3CC[C@H](NCc4cn(C)c5cccnc45)C3)nc2c1	IC50	9.396669950167675
Cc1cc(=O)oc2cc(OC(=O)c3ccccc3)ccc12	IC50	3.1279616570175706
Cc1ccc2c(c1)nc(C(C)(C)O)n2C1CCC(NCC2Cc3ccc(F)cc3C2)CC1	IC50	7.446466106237663
Cc1ccc2c(c1)nc(C(C)(C)O)n2C1CCC(NC[C@H]2Cc3ccc(C#N)cc3C2)CC1	IC50	8.59867443328412
CO[C@@H]1CN(C[C@H]2Cc3ccc(Br)cc3C2)CC[C@H]1n1c(C(C)(C)O)nc2cc(C)ccc21	Ki	11.512925464970229
CO[C@@H]1CN(C[C@H]2Cc3ccc(C#N)cc3C2)CC[C@H]1n1c(C(C)(C)O)nc2cc(C)ccc21	Ki	12.716898269296165
Cc1ccc2c(c1)nc(C)n2C1CCC(NC2Cc3ccc(Cl)cc3C2)CC1	IC50	5.948405057647535
Cc1ccc2c(c1)nc(C)n2C1CCC(NCC2Cc3ccc(C(F)(F)F)cc3C2)CC1	IC50	7.487573774235079
Cc1ccc2c(c1)nc(C)n2C1CCC(NCC2Cc3ccc(Cl)cc3C2)CC1	IC50	9.772459290129724
Cc1ccc2c(c1)nc(C)n2C1CCC(NCC2Cc3ccccc3C2)CC1	IC50	7.986564940354067
Cc1ccc2c(c1)nc(C)n2C1CCC(NC[C@H]2Cc3ccc(Br)cc3C2)CC1	IC50	9.903487552536127
Cc1ccc2c(c1)nc(C)n2C1CCC(NC[C@H]2Cc3ccc(C#N)cc3C2)CC1	IC50	11.250561200502737
CO[C@@H]1CN(CC2Cc3ccccc3C2)CC[C@H]1n1c(C)nc2cc(C)ccc21	Ki	9.965362956254216
CO[C@@H]1CN(C[C@@H]2Cc3ccc(NC(=O)C(C)C)cc3C2)CC[C@H]1n1c(C)nc2cc(C)ccc21	Ki	10.381523353479128
CO[C@@H]1CN(C[C@H]2Cc3ccc(Br)cc3C2)CC[C@H]1n1c(C)nc2cc(C)ccc21	IC50	10.819778284410283
Cc1ccc2c(c1)nc(C)n2[C@H]1CC[C@H](NC[C@H]2Cc3ccc(Br)cc3C2)C1	IC50	7.66277786326017
CO[C@@H]1CN(C[C@H]2Cc3ccc(C#N)cc3C2)CC[C@H]1n1c(C(C)(C)O)nc2cc(C)c(F)cc21	Ki	14.508657738524219
Cc1cc2cc(CN3CCCC3)cnc2cc1NC(=O)c1ccc(-c2ccc(F)cc2)cc1	IC50	13.553146293496782
Cc1ccc(C2(CNC(=O)Nc3cc(Cl)cc(Cl)c3)CCN(C)CC2)cc1	IC50	8.111728083308073
Cc1ccc(-c2cc3ncn([C@H]4CCN(C(=O)N(C)[C@H]5CCN(C)C5)C4)c(=O)c3s2)cc1	Ki	11.107460356862065
Cc1ccc(-c2ccc(C(=O)Nc3ccc4cc(CN5CCCC5)cnc4c3C)cc2)cc1	IC50	13.815510557964274
Cc1ccc(-c2ccc(C(=O)Nc3ccc4c(c3)CCC(CN3CCCC3)=C4)cc2)cc1	IC50	12.940041820610373
Cc1ccc(-c2ccc(C(=O)Nc3ccc4c(c3)CCC(CN(C)C)C4)cc2)cc1	IC50	11.330603908176274
Cc1ccc(-c2ccc(C(=O)Nc3ccc4cc(CN5CCCC5)cnc4c3)cc2)cc1	IC50	13.027053197600004
COc1cc(N2Cc3ccc(-c4ccc(C)cc4)nc3C2=O)ccc1OCCN1CCCC1	IC50	9.433483923290392
Cc1ccc(-c2ccc(C(=O)Nc3ccc4cc(CN5CCCC5)cnc4c3)cn2)cc1	IC50	10.92513880006811
Cc1ccc(C2CCN(C(=O)Nc3ccc4cc(CN5CCCC5)cnc4c3)CC2)cc1	IC50	10.680016342035124
CC(=O)Nc1cccc(C2CCN(CCCNc3nc4ccccc4n3-c3ccc(C)cc3)CC2)c1	IC50	9.372859301473957
Cc1ccc(Oc2ccc(C(=O)NCCN3CCCC3)cc2NC(=O)Nc2cccc(F)c2)cc1	IC50	10.319002996497794
Cc1ccc(S(=O)(=O)CN(Cc2ccccc2)CS(=O)(=O)c2ccc(C)cc2)cc1	Ki	4.892852258439873
COc1cc(N2Cc3ccc(-c4ccccc4C)nc3C2=O)ccc1OCCN1CCCC1	IC50	6.868534565828855
Cc1nc2ccc(-n3ccc(OCc4ccc(F)cc4)cc3=O)cc2n1C	IC50	9.641123288068638
Cc1nc2cc(C#N)ccc2n1C1CCC(NCC2Cc3ccc(Cl)cc3C2)CC1	IC50	9.484777217677943
Cc1nc2cc(F)ccc2n1C1CCC(NC[C@H]2Cc3ccc(C#N)cc3C2)CC1	IC50	12.716898269296165
CC1CCCCN1CCN(C(=O)Nc1ccc(F)c(Cl)c1)[C@@H]1CC[C@]2(c3cccc(C#N)c3)CC2C1	Ki	11.107460356862065
CC1CCCN1CCN(C(=O)Nc1ccc(F)c(Cl)c1)[C@@H]1CC[C@]2(c3cccc(C#N)c3)CC2C1	Ki	11.042921835724492
CCC(=O)Nc1cc(C(=O)NCCN2CCCC2)ccc1Oc1ccc(C)c(C)c1	IC50	6.907755278982137
CCC(=O)Nc1cccc([C@]23CC[C@@H](N(CCCN4CCN(C)CC4)C(=O)Nc4ccc(F)c(Cl)c4)[C@H]2C3)c1	Ki	12.684108446473173
CCC(C(=O)NCCCN1CCC(c2cccc(NC(=O)C(C)C)c2)CC1)(c1ccccc1)c1ccccc1	IC50	8.568486485803788
CCc1cc(NC(=O)c2ccc(-c3ccccc3)cc2)ccc1OCCN(CC)CC	Ki	9.901090427936406
CCc1c(NC(=O)c2ccc(-c3ccc(F)cc3)cc2)ccc2cc(CN3CCCC3)cnc12	IC50	9.210340371976182
CCc1nc2ccc(-n3ccc(OCc4ccccc4)cc3=O)cn2c1C	IC50	9.028018815182229
CCc1ccc(-c2ccc(C(=O)N(C)[C@H]3CCN(C(=O)N4CC[C@@H](N[C@@H](C)C(C)C)C4)C3)cc2)cc1	Ki	12.429216196844383
CCc1ccc(-c2ccc(C(=O)Nc3ccc4c(c3)CCC(CN(C)C)C4)cc2)cc1	IC50	10.770988120240851
CCc1ccc(-c2ccc(C(=O)N(C)[C@H]3CCN(C(=O)N4CC[C@@H](NC5CCOCC5)C4)C3)s2)cc1	Ki	13.122363377404328
CCc1ccc(-c2ccc3c(n2)C(=O)N(c2ccc(OCCN4CCCC4)c(OC)c2)C3)cc1	IC50	9.903487552536127
CCc1ccccc1-c1ccc2c(n1)C(=O)N(c1ccc(OCCN3CCCC3)c(OC)c1)C2	IC50	6.214608098422191
CCc1nc2ccc(-n3ccc(OCc4ccc(F)cc4)cc3=O)cc2n1C	IC50	10.177924398237888
CCCc1ccc(-c2ccc(C(=O)Nc3ccc4c(c3)CCC(CN(C)C)C4)cc2)cc1	IC50	8.468403027246806
CCCc1ccc(-c2ccc3c(n2)C(=O)N(c2ccc(OCCN4CCCC4)c(OC)c2)C3)cc1	IC50	8.468403027246806
CCCc1nc2ccc(-n3ccc(OCc4ccc(F)cc4)cc3=O)cc2n1C	IC50	10.151948911834628
CCCCC(=O)Nc1ccc(C(=O)Nc2ccc3cc(CN4CCCC4)cnc3c2C)cc1	IC50	10.349774655164548
CCCCc1ccc(-c2ccc3c(n2)C(=O)N(c2ccc(OCCN4CCCC4)c(OC)c2)C3)cc1	IC50	5.885304351279592
CCCCCC(=O)c1ccc(C(=O)Nc2ccc3cc(CN4CCCC4)cnc3c2C)cc1	IC50	8.679712120914012
CCCCCC(C(=O)NCCCN1CCC(c2cccc(NC(=O)C(C)C)c2)CC1)(c1ccccc1)c1ccccc1	Ki	11.675444394468004
CCCCOc1ccc(C(=O)N(C)[C@@H]2Cc3ccc([C@H]4CCCN4)cc3C2)cc1	IC50	8.274247012805848
CCCCOc1ccc(C(=O)Nc2ccc3cc(CN4CCCC4)cnc3c2C)cc1	IC50	13.122363377404328
CCCCOc1ccc(C(=O)N(C)[C@@H]2Cc3ccc(CN4C[C@@H]5CC[C@H]4C5)cc3C2)nc1	IC50	8.662218963466495
CCCCOc1ccc(C(=O)N(C)[C@@H]2Cc3ccc(CNCC4(C)CCOCC4)cc3C2)nc1	IC50	8.825077971185538
CCCCOc1ccc(C(=O)N(C)[C@@H]2Cc3ccc(CNC[C@@H]4CCCO4)cc3C2)nc1	IC50	8.547652398900945
CCCCS(=O)(=O)c1ccc(C(=O)Nc2ccc3cc(CN4CCCC4)cnc3c2C)cc1	IC50	6.437751649736401
CCCn1nc2ccc(-n3ccc(OCc4ccc(Cl)cc4)cc3=O)cc2c1C	IC50	8.468403027246806
CCCn1c(C2CC2)nc2ccc(-n3ccc(OCc4ccc(Cl)cc4)cc3=O)cc21	IC50	9.115030192171858
CCCN1CCC(CNC(=O)Nc2cc(Cl)cc(Cl)c2)(c2ccc(-c3cccc(C#N)c3)cc2)CC1	IC50	14.98669353946722
CCN(C)Cc1ccc2c(c1)C[C@H](N(C)C(=O)c1ccc(OCC3CC3)cc1)C2	IC50	8.825077971185538
CCN(CC)C(=O)C1CCCN(C(=O)CC2CCN(Cc3ccn(-c4ccc(C(F)(F)F)cc4)c3)CC2)C1	IC50	10.20459264532005
CCN(CC)C(=O)N1CCC(CCC(=O)Nc2ccc(F)c(F)c2)(c2ccc(-c3cccc(C#N)c3)cc2)CC1	Ki	10.008848068193954
CCN(CC)C(=O)N1CCC2(CC1)CC2(c1ccc(-c2cccc(C#N)c2)cc1)c1nc2cc(F)c(C(F)(F)F)cc2[nH]1	Ki	8.417347856446522
CCN(CC)CCN(C)c1ccc(-n2ccc(OCc3ccccc3)cc2=O)cc1	IC50	11.042921835724492
CCN(CC)CCNc1ccc(-n2ccc(OCc3ccccc3)cc2=O)cc1	IC50	11.898587945782213
CCN(CC)CCOc1ccc(N(C)C(=O)c2ccc(-c3ccccc3)cc2)cc1OC	Ki	10.822281414628401
CCN(CC)CCOc1ccc(NC(=O)c2ccc(-c3ccccc3)cc2)cc1C(C)=O	Ki	10.361720726182948
CCN(CC)CCOc1ccc(NC(=O)c2ccc(-c3ccccc3)cc2)cc1C(C)O	Ki	8.289300933079824
CCN(CC)CCOc1ccc(C#Cc2ncc(-c3ccc(OC)cc3)cn2)cc1	IC50	8.811564252018815
CCN(CC)CCOc1ccc(-n2ccc(OCc3ccccc3)cc2=O)cc1	IC50	11.928440908931893
CCN(CCO)CCN(C(=O)Nc1ccc(F)c(Cl)c1)[C@@H]1CC[C@]2(c3cccc(C#N)c3)CC2C1	Ki	11.417615285165903
CCn1nc2ccc(-n3ccc(OCc4ccc(Cl)cc4)cc3=O)cc2c1C	IC50	8.87386813535497
CCn1c(C2CC2)nc2ccc(-n3ccc(OCc4ccc(Cl)cc4)cc3=O)cc21	IC50	10.289150033348113
CCN1CCC2(CC1)c1ccc(-c3cccc(C#N)c3)cc1CCN2CC(=O)Nc1cc(Cl)cc(Cl)c1	Ki	10.177924398237888
CCOC(=O)C(C)On1c(-c2ccccc2)nc2ccc([N+](=O)[O-])cc21	IC50	4.1444596036539485
CCOC(=O)N1CCC(CCC(=O)Nc2ccc(F)c(F)c2)(c2ccc(-c3cccc(C#N)c3)cc2)CC1	Ki	8.298057661499566
CCS(=O)(=O)C[C@@H](O)COc1ccc(-n2cnn3cc(-c4ccc(Cl)cc4)cc3c2=O)cc1OC	Ki	13.41004544985611
CCS(=O)(=O)C[C@@H](O)COc1ccc(-n2cnn3cc(-c4ccc(Cl)cn4)cc3c2=O)cc1OC	Ki	11.652187532303737
CCS(=O)(=O)C[C@@H](O)COc1ccc(-n2cnn3cc(-c4ncc(Cl)cn4)cc3c2=O)cc1OC	Ki	10.680016342035124
CCS(=O)(=O)N1CCC(CN(C(=O)Nc2ccc(F)c(F)c2)[C@@H]2CC[C@]3(c4cccc(C#N)c4)CC3C2)CC1	Ki	10.770988120240851
CC[C@H](C)NCc1ccc2c(c1)C[C@H](N(C)C(=O)c1ccc(OCC3CC3)cc1)C2	IC50	8.52724352726974
CN(C)C(=O)N1CCC2(CC1)CC2(c1ccc(-c2cccc(C#N)c2)cc1)c1nc2cc(F)c(C(F)(F)F)cc2[nH]1	Ki	10.349774655164548
CN(C)c1nc(NC2CCC(NC(=O)c3ccc(F)c(F)c3)CC2)nc2ccccc12	IC50	11.701667589567107
CN(C)C1CCN(c2ccc(NC(=O)C#Cc3ccccc3)cc2)C1	IC50	4.605170185988091
COc1ccc(-c2nnc(C(=O)N3CC(Oc4ccc(CN(C)C)c(F)c4)C3)o2)cc1	IC50	11.107460356862065
CN(C)CC1=Cc2ccc(NC(=O)c3ccc(-c4ccc(Cl)cc4)cc3)cc2CC1	IC50	12.822258784953991
CN(C)Cc1ccc(/C=C2\NC(=O)N(c3ccc(Oc4ccccc4)cc3)C2=O)cc1	Ki	7.983628080680758
COc1ccc(-c2nnc(C(=O)N3CC(Oc4ccc(CN(C)C)cc4)C3)o2)cc1	IC50	11.250561200502737
CN(C)Cc1ccc2cc(-n3cnc4cc(-c5ccc(Cl)cc5)sc4c3=O)ccc2n1	IC50	14.116615650748196
CN(C)CC1CCc2cc(NC(=O)c3ccc(-c4cccc(Cl)c4)cc3)ccc2C1	IC50	8.421883011611913
CN(C)CC1CCc2cc(NC(=O)c3ccc(-c4ccc(C#N)cc4)cc3)ccc2C1	IC50	7.875339305243843
CN(C)CC1CCc2cc(NC(=O)c3ccc(-c4ccc(C(=O)O)cc4)cc3)ccc2C1	IC50	8.377431249041079
CN(C)CC1CCc2cc(NC(=O)c3ccc(-c4ccc(-c5ccccc5)cc4)cc3)ccc2C1	IC50	6.6453910145146455
CN(C)CC1CCc2cc(NC(=O)c3ccc(-c4ccc(Cl)cc4)cc3)ccc2C1	IC50	11.736069016284437
CN(C)CC1CCc2cc(NC(=O)c3ccc(-c4ccc(F)cc4)cc3)ccc2C1	IC50	10.903159893349335
CN(C)CC1CCc2cc(NC(=O)c3ccc(-c4ccc(N)cc4)cc3)ccc2C1	IC50	7.957577403480815
COc1ccc(-c2ccc(C(=O)Nc3ccc4c(c3)CCC(CN(C)C)C4)cc2)cc1	IC50	10.724468104605958
CN(C)CC1CCc2cc(NC(=O)c3ccc(-c4ccccc4)cc3)ccc2C1	IC50	9.261633666363734
CN(C)CC1CCc2cc(NC(=O)c3ccc(-c4ccccc4Cl)cc3)ccc2C1	IC50	10.680016342035124
CN(C)CC1CCc2cc(NC(=O)c3cccc(-c4ccccc4)c3)ccc2C1	IC50	4.605170185988091
CN(C)CC1CCc2cc(NC(=O)c3ccccc3-c3ccccc3)ccc2C1	IC50	4.605170185988091
CN(C)CC1CCc2cc(NC(=O)Nc3ccc(Oc4ccccc4)cc3)ccc2C1	IC50	11.512925464970229
CN(C)CC1CCc2cc(NCc3ccc(-c4ccccc4)cc3)ccc2C1	IC50	6.907755278982137
CN(C)CC1CCc2cc(NS(=O)(=O)c3ccc(-c4ccccc4)cc3)ccc2C1	IC50	6.907755278982137
CN(C)CC1CCc2cc(OC(=O)c3ccc(-c4ccccc4)cc3)ccc2C1	IC50	8.180720954795024
CN(C)CC1CNc2cc(-n3cnc4cc(-c5ccc(Cl)cc5)sc4c3=O)ccc2O1	IC50	12.652359748158593
CN(C)CC1COc2cc(-n3cnc4cc(-c5ccc(Cl)cc5)sc4c3=O)ccc2O1	IC50	11.774290229104636
CN(C)CCC(CNC(=O)Nc1ccc(F)c(Cl)c1)c1ccc(-c2cccc(C#N)c2)cc1	IC50	13.835713265281793
CN(C)CCC(CNC(=O)Nc1cc(F)cc(F)c1)c1ccc(-c2cccc(C#N)c2)cc1	IC50	13.943343929474159
CN(C)CCC(CNC(=O)Nc1cccc(F)c1)c1ccc(-c2cccc(C#N)c2)cc1	IC50	13.633189001170319
CN(C)CCC(CNC(=O)Nc1ccccc1)c1ccc(-c2cccc(C#N)c2)cc1	IC50	12.859999112936837
CN(C)CCNCc1ccc(/C=C2\NC(=O)N(c3ccc(Oc4ccccc4)cc3)C2=O)cc1	Ki	7.254479892067701
CN(C)C[C@@H]1COc2cc(-n3cnc4cc(-c5ccc(Cl)cc5)sc4c3=O)ccc2O1	IC50	12.652359748158593
CN(C)C[C@H]1COc2cc(-n3cnc4cc(-c5ccc(Cl)cc5)sc4c3=O)ccc2O1	IC50	10.596634733096073
CN(C)S(=O)(=O)N1CCC2(CC1)c1ccc(-c3cccc(C#N)c3)cc1CCN2CC(=O)Nc1cc(Cl)cc(Cl)c1	Ki	6.907755278982137
CN(C)[C@H]1CCN(c2ccc(N3Cc4cn(-c5ccc(Cl)cc5)nc4C3=O)cn2)C1	Ki	14.172185501903007
CN(C(=O)COc1cccc(Cl)c1)C1CCN(Cc2ccn(-c3ccc(C(F)(F)F)cc3)c2)CC1	IC50	9.12416267573513
CN(CC(=O)Nc1ccc(Cl)c(C(F)(F)F)c1)C1(c2ccc(-c3cccc(C#N)c3)cc2)CCN(C2CCCC2)CC1	Ki	11.042921835724492
CN(CC(=O)Nc1ccc(F)c(C(F)(F)F)c1)C1(c2ccc(-c3cccc(C#N)c3)cc2)CCN(C2CCCC2)CC1	Ki	10.92513880006811
CN(CC(=O)Nc1ccc(F)c(Cl)c1)C1(c2ccc(-c3cccc(C#N)c3)cc2)CCN(C2CCCC2)CC1	Ki	12.429216196844383
CN(CC(=O)Nc1cc(Cl)cc(Cl)c1)C1(c2ccc(-c3cccc(C#N)c3)cc2)CCN(C2CCCC2)CC1	Ki	11.618285980628055
CN(CC(=O)Nc1cc(F)cc(F)c1)C1(c2ccc(-c3cccc(C#N)c3)cc2)CCN(C2CCCC2)CC1	Ki	12.02375108873622
CN(CC1=Cc2ccc(NC(=O)c3ccc(-c4ccc(Cl)cc4)cc3)cc2CC1)c1ccccc1	IC50	10.819778284410283
CON(C)CC1=Cc2ccc(NC(=O)c3ccc(-c4ccc(Cl)cc4)cc3)cc2CC1	IC50	7.875339305243843
CN(CCc1ccccc1)CC1=Cc2ccc(NC(=O)c3ccc(-c4ccc(Cl)cc4)cc3)cc2CC1	IC50	11.330603908176274
CN(CCCN1CCC2(CC1)OCc1ccccc12)C(=O)C(c1ccc(F)c(F)c1)n1ccnn1	IC50	13.17365667179188
CN(CCCN1CCC2(CC1)OCc1ccccc12)C(=O)C(c1ccc(F)c(F)c1)n1cncn1	IC50	12.750799820971846
CN(CCCN1CCC2(CC1)OCc1ccccc12)C(=O)C(c1ccc(F)c(F)c1)N1CCCC1=O	IC50	12.822258784953991
CN(CCCN1CCC2(CC1)OCc1ccccc12)C(=O)C(c1ccccc1)c1ccc(F)c(F)c1	IC50	13.815510557964274
CN(CCCN1CCC2(CC1)OCc1cc(F)ncc12)C(=O)C(c1ccc(F)c(F)c1)n1cccn1	IC50	13.553146293496782
CN(CCOc1ccc(-n2ccc(OCc3ccccc3)cc2=O)cc1)Cc1ccccc1	IC50	12.480509491231935
CN(C(=O)c1ccc(OC[C@@H]2CCCO2)cc1)[C@@H]1Cc2ccc(CN3CC4CCC3CC4)cc2C1	IC50	8.381788554410035
CN(C(=O)c1ccc(OCC2CC2)cc1)[C@@H]1Cc2ccc(CN3CCC3)cc2C1	IC50	9.10598035665194
CN(C(=O)c1ccc(OCC2CC2)cn1)[C@@H]1Cc2ccc(CN3CCCCC3)cc2C1	IC50	8.628124752123519
CN(C(=O)c1ccc(OCC2CC2)cc1)[C@@H]1Cc2ccc(CN3CCCCCC3)cc2C1	IC50	8.881036624833582
CN(C(=O)c1ccc(OCC2CC2)cc1)[C@@H]1Cc2ccc(CN3CC[C@H](O)C3)cc2C1	IC50	9.070578429601024
CN(C(=O)c1ccc(OCC2CC2)cc1)[C@@H]1Cc2ccc(CNCC3CCOCC3)cc2C1	IC50	9.003326202591856
COCCCNCc1ccc2c(c1)C[C@H](N(C)C(=O)c1ccc(OCC3CC3)cc1)C2	IC50	9.053336623166517
CN(C(=O)c1ccc(-c2ccc(C(F)(F)F)cc2)cc1)[C@H]1CCN(C(=O)N2CC[C@H](NCCCc3ccccc3)C2)C1	Ki	11.421258276444405
CN(C(=O)c1ccc(-c2ccc(C(F)(F)F)cc2)cc1)[C@H]1CCN(C(=O)N2CC[C@@H](N)C2)C1	Ki	9.878014756563097
CN(C(=O)c1ccc(-c2ccc(C(F)(F)F)cc2)cc1)[C@H]1CCN(C(=O)N2CC[C@@H](NCCCc3ccccc3)C2)C1	Ki	11.535989404568781
CN(C(=O)N1CC[C@H](n2cnc3cc(-c4ccc(Cl)cc4)sc3c2=O)C1)[C@H]1CCN(CCCc2ccccc2)C1	IC50	10.381523353479128
CN(C(=O)N1CC[C@H](n2cnc3cc(-c4ccc(Cl)cc4)sc3c2=O)C1)[C@H]1CCNC1	IC50	10.4482147279778
Cn1c(=O)c(C#N)c(NC2CCN(Cc3ccc4c(c3)OCO4)CC2)c2cc(Cl)ccc21	IC50	10.637456727616328
Cn1c(=O)c(C#N)c(NC2CCN(Cc3ccc4ccccc4c3)CC2)c2cc(Cl)ccc21	IC50	11.330603908176274
Cn1c(=O)c(C(=O)N2CCCC2)c(NC2CCN(Cc3ccc4c(c3)OCO4)CC2)c2cc(Cl)ccc21	IC50	11.042921835724492
COC(=O)c1c(NC2CCN(Cc3ccc4c(c3)OCO4)CC2)c2cc(Cl)ccc2n(C)c1=O	IC50	9.24079957946089
Cn1c(=O)cc(NC2CCN(C/C=C/c3ccccc3)CC2)c2cc(Cl)ccc21	IC50	11.512925464970229
Cn1c(=O)cc(NC2CCN(Cc3ccc4ccccc4c3)CC2)c2cc(Cl)ccc21	IC50	12.206072645530174
Cn1c(=O)nc(NC2CCN(Cc3ccc4ncccc4c3)CC2)c2cc(Cl)ccc21	IC50	11.330603908176274
Cn1c(=O)cc(NC2CCN(Cc3ccc4c(c3)OCO4)CC2)c2cc(OC(F)F)ccc21	IC50	12.206072645530174
COc1ccc2c(c1)c(NC1CCN(Cc3ccc4c(c3)OCO4)CC1)cc(=O)n2C	IC50	12.716898269296165
Cn1c(C2CC2)nc2ccc(-n3ccc(OCc4cccc(Cl)c4)cc3=O)cc21	IC50	9.53884443894822
Cn1c(C2CC2)nc2ccc(-n3ccc(OCc4cc(C(F)(F)F)cs4)cc3=O)cc21	IC50	10.982297213908058
Cn1c(C2CC2)nc2ccc(-n3ccc(OCc4cc(Cl)cs4)cc3=O)cc21	IC50	10.92513880006811
Cn1c(C2CC2)nc2ccc(-n3ccc(OCc4ccc(Cl)cc4)cc3=O)cc21	IC50	10.770988120240851
Cn1c(C2CC2)nc2ccc(-n3ccc(OCc4ccc(F)cc4)cc3=O)cc21	IC50	10.48330604778907
Cn1c(C2CCC2)nc2ccc(-n3ccc(OCc4ccc(F)cc4)cc3=O)cc21	IC50	8.468403027246806
Cn1c(C2CCCC2)nc2ccc(-n3ccc(OCc4ccc(F)cc4)cc3=O)cc21	IC50	7.6842840684811335
Cn1c(CC2CC2)nc2ccc(-n3ccc(OCc4ccc(F)cc4)cc3=O)cc21	IC50	8.87386813535497
Cn1c(C2CC2)nc2ccc(-n3ccc(OCc4ccc(C(F)(F)F)s4)cc3=O)cc21	IC50	10.92513880006811
Cn1c(C2CC2)nc2ccc(-n3ccc(OCc4ccc(Cl)s4)cc3=O)cc21	IC50	10.637456727616328
Cn1c(C2CC2)nc2ccc(-n3ccc(OCc4ccccc4)cc3=O)cc21	IC50	10.054310442270712
Cn1c(C2CC2)nc2ccc(-n3ccc(OCc4ccccc4Cl)cc3=O)cc21	IC50	8.87386813535497
Cn1c(C2CC2)nc2ccc(-n3ccc(OCc4cccs4)cc3=O)cc21	IC50	9.028018815182229
Cn1c(C2CC2)nc2ccc(-n3ccc(OCc4csc(C(F)(F)F)c4)cc3=O)cc21	IC50	10.4482147279778
Cn1c(C2CC2)nc2ccc(-n3ccc(OCc4csc(Cl)c4)cc3=O)cc21	IC50	11.585496157805064
Cn1c(C2CC2)nc2ccc(-n3ccc(OCc4ccsc4)cc3=O)cc21	IC50	10.4482147279778
Cn1c(C2CC2)nc2ccc(-n3ccc(OCc4ccc(Cl)cn4)cc3=O)cc21	IC50	9.965362956254216
Cn1c(C2CC2)nc2ccc(-n3ccc(OCc4ncc(Cl)cn4)cc3=O)cc21	IC50	7.013115794639964
Cn1cccc1CNC(=O)CC1CCN(Cc2ccn(-c3ccc(C(F)(F)F)cc3)c2)CC1	IC50	8.069307367424122
CN1CCC(Oc2ccc(-n3ccc(OCc4ccccc4)cc3=O)cc2)C1	IC50	10.92513880006811
CN1CCC(CNC(=O)Nc2cc(Cl)cc(Cl)c2)(c2ccc(-c3cccc(C=O)c3)cc2)CC1	IC50	12.110762465725848
CN1CCC(CNC(=O)Nc2cc(Cl)cc(Cl)c2)(c2ccc(-c3cccnc3)cc2)CC1	IC50	12.684108446473173
CN1CCC(CNC(=O)Nc2ccccc2)(c2ccc(-c3cccc(C#N)c3)cc2)CC1	IC50	13.027053197600004
CN1CCC(C2c3ccc(-c4cccc(C#N)c4)cc3CCN2CC(=O)Nc2cc(Cl)cc(Cl)c2)CC1	Ki	10.724468104605958
CN1CCC2(CC1)c1ccc(-c3cccc(C#N)c3)cc1CCN2CC(=O)Nc1cc(Cl)cc(Cl)c1	Ki	10.177924398237888
CN1CCc2ccc(C(=O)CCC(=O)N3CCC(c4ccc(Cl)cc4)CC3)cc2CC1	IC50	10.41431317630212
CN1CCc2ccc(C(=O)CCCN3CCC(c4ccc(Cl)cc4)CC3)cc2CC1	IC50	10.289150033348113
CN1CCCC1c1ccc2c(c1)C[C@H](N(C)C(=O)c1ccc(OCC3CC3)cn1)C2	IC50	6.779362064213738
CN1CCCC1COc1ccc(-n2ccc(OCc3ccccc3)cc2=O)cc1	IC50	11.330603908176274
CN1CCCCC1COc1ccc(-n2ccc(OCc3ccccc3)cc2=O)cc1	IC50	10.92513880006811
COc1ccc(/C=C2\SC(N3CCN(C)CC3)=NC2=O)cc1OC	Ki	10.4482147279778
COc1ccc(-c2nnc(C(=O)N3CC(Oc4ccc(CN5CCN(C)CC5)c(F)c4)C3)o2)cc1	IC50	10.334270468628581
CN1CCN(Cc2ccc(OC3CN(C(=O)c4nnc(-c5ccccc5)o4)C3)cc2F)CC1	IC50	9.282911064811017
CN1CCN(CC2=Cc3ccc(NC(=O)c4ccc(-c5ccc(Cl)cc5)cc4)cc3CC2)CC1	IC50	12.147803737406198
CN1CCN(Cc2ccc3cc(-n4cnc5cc(-c6ccc(Cl)cc6)sc5c4=O)ccc3n2)CC1	IC50	12.684108446473173
CN1CCN(CC2CNc3cc(-n4cnc5cc(-c6ccc(Cl)cc6)sc5c4=O)ccc3O2)CC1	IC50	12.562747589468906
CN1CCN(CCCCN(C(=O)Nc2ccc(F)c(C(F)(F)F)c2)[C@@H]2CC[C@]3(c4cccc(C#N)c4)C[C@H]23)CC1	Ki	13.027053197600004
CN1CCN(CCCN(c2nc3cc(Cl)c(Cl)cc3[nH]2)[C@@H]2CC[C@]3(c4cccc(C#N)c4)C[C@@H]3C2)CC1	IC50	13.027053197600004
CN1CCN(CCCN(c2nc3cc(F)c(F)cc3[nH]2)[C@@H]2CC[C@]3(c4cccc(C#N)c4)C[C@@H]3C2)CC1	IC50	10.770988120240851
CN1CCN(CCCN(c2nc3cc(F)c(F)cc3[nH]2)[C@@H]2CC[C@]3(c4cccc(CO)c4)C[C@@H]3C2)CC1	IC50	9.552830680922959
CN1CCN(CCCN(C(=O)Nc2ccc(F)c(Cl)c2)[C@@H]2CC[C@]3(c4cccc(N)c4)C[C@H]23)CC1	Ki	11.512925464970229
CN1CCN(CCCN(C(=O)Nc2ccc(F)c(Cl)c2)[C@@H]2CC[C@]3(c4cccc(OC(F)(F)F)c4)C[C@H]23)CC1	Ki	10.4482147279778
CN1CCN(CCCN(C(=O)Nc2ccc(F)c(Cl)c2)[C@@H]2CC[C@]3(c4ccc(OC(F)(F)F)cc4)C[C@H]23)CC1	Ki	11.250561200502737
CN1CCN(CCCN(C(=O)Nc2ccc(F)c(Cl)c2)[C@@H]2CC[C@]3(c4ccccc4)C[C@H]23)CC1	Ki	11.62945928122618
CN1CCN(CCN(C(=O)Nc2ccc(F)c(C(F)(F)F)c2)[C@@H]2CC[C@]3(c4cccc(C#N)c4)C[C@H]23)CC1	Ki	10.41431317630212
CNC(=O)N1CCC(CN(C(=O)Nc2ccc(F)c(C(F)(F)F)c2)[C@@H]2CC[C@]3(c4cccc(C#N)c4)CC3C2)CC1	Ki	8.617013526698448
CNC1CCN(c2ccc(N3Cc4cn(-c5ccc(Cl)cc5)nc4C3=O)cc2)C1	Ki	14.038654109278484
CNC1CCN(c2ccc(-n3cnn4cc(-c5ccc(Cl)cc5)cc4c3=O)cn2)C1	Ki	15.01948336229021
CN[C@@H]1CCN(C(=O)N2CC[C@H](N(C)C(=O)c3ccc(-c4ccc(C(F)(F)F)cc4)cc3)C2)C1	Ki	9.832097556449455
CN[C@@H]1CCN(c2ccc(N3Cc4cn(-c5ccc(Cl)cc5)nc4C3=O)cn2)C1	Ki	13.553146293496782
CN[C@H]1CCN(c2ccc(N3Cc4cn(-c5ccc(Cl)cc5)nc4C3=O)cn2)C1	IC50	8.330713624473619
COc1ccc(-n2cnn3nc(-c4ccc(Cl)cc4)cc3c2=O)cc1OC	Ki	9.152071463852208
COc1ccc(-n2cnn3cc(-c4ccc(Cl)cc4)cc3c2=O)cc1OC	Ki	11.736069016284437
COc1ccc(-n2cnn3cc(-c4ccc(Cl)cc4)nc3c2=O)cc1OC	Ki	9.34960243930969
COc1cc2oc(C(=O)NC3CCN(Cc4ccc5c(c4)OCO5)CC3)cc(=O)c2cc1F	IC50	13.122363377404328
COc1cc(CCNC(=O)c2ccc(-c3ccc(Cl)cc3)cc2)ccc1CN1CCCC1	IC50	12.02375108873622
COc1cc(N2C(=O)c3ccc(Nc4ccccc4)cc3C2=O)ccc1OCCN1CCCC1	Ki	11.052341057640984
COc1cc(N2C(=O)c3ccc(Oc4ccccc4)cc3C2=O)ccc1OCCN1CCCC1	Ki	10.822281414628401
COc1cc(N2C(=O)c3ccc(Sc4ccccc4)cc3C2=O)ccc1OCCN1CCCC1	Ki	10.361720726182948
COc1cc(-n2nnc3cc(-c4ccccc4)ccc3c2=O)ccc1OCCN1CCCC1	Ki	10.591846216364276
COc1cc(-n2nnc3cc(Oc4ccccc4)ccc3c2=O)ccc1OCCN1CCCC1	Ki	9.440634427319234
COc1cc(-n2nnc3ccc(Oc4ccccc4)cc3c2=O)ccc1OCCN1CCCC1	Ki	10.131392420952048
COc1cc(-n2ccc(-c3ccc(OC(F)(F)F)cc3)cc2=O)ccc1OCCO	Ki	12.716898269296165
COc1cc(-n2cnc3ccc(-c4ccc(Cl)cc4)cc3c2=O)ccc1OCCN1CCCC1	Ki	6.907755278982137
COc1cc(-n2cnc3ccc(Oc4ccccc4)cc3c2=O)ccc1OCCN1CCCC1	Ki	8.059040761029067
COc1cc(-n2cnc3sc(-c4ccccc4)cc3c2=O)ccc1OCCN1CCCC1	Ki	7.13801156593355
COc1cc(-n2cnc3cc(-c4ccc(Cl)cc4)ccc3c2=O)ccc1OCCN1CCCC1	IC50	11.973374881411152
COc1cc(-n2cnc3cc(-c4ccccc4)ccc3c2=O)ccc1OCCN1CCCC1	Ki	10.822281414628401
COc1cc(-n2cnc3cc(Oc4ccccc4)ccc3c2=O)ccc1OCCN1CCCC1	Ki	9.901090427936406
COc1cc(-n2cnc3cc(-c4ccc(Cl)cc4)sc3c2=O)ccc1OCC1(O)CC(F)(F)C1	Ki	11.43365228407572
COc1cc(-n2cnc3cc(-c4ccc(Cl)cc4)sc3c2=O)ccc1OCC1(OP(=O)(O)O)CC(F)(F)C1	Ki	5.836171662701947
COc1cc(-n2cnc3cc(-c4ccc(Cl)cc4)sc3c2=O)ccc1OCC1(O)CCC1	Ki	11.533128172287748
COc1cc(-n2cnc3cc(-c4ccc(Cl)cc4)sc3c2=O)ccc1OCC1(O)CCCC1	Ki	11.33897215784679
COc1cc(-n2cnc3cc(-c4ccc(Cl)cc4)sc3c2=O)ccc1OCC1(O)CCOCC1	Ki	11.399596779663225
COc1cc(-n2cnc3cc(-c4ccc(Cl)cc4)sc3c2=O)ccc1OCC1(O)COC1	Ki	11.652187532303737
COc1cc(-n2cnc3cc(-c4ccc(Cl)cc4)sc3c2=O)ccc1OCCN1CCCC1	IC50	11.705224632989456
COc1cc(-n2cnc3cc(-c4ccc(Cl)cc4)sc3c2=O)ccc1OC[C@H](O)C1CC1	Ki	10.92513880006811
COc1cc(-n2cnc3cc(-c4ccc(F)cc4)sc3c2=O)ccc1OCCN1CCCC1	IC50	13.585192802902064
COc1cc(-n2cnc3cc(-c4ccccc4)sc3c2=O)ccc1OCCN1CCCC1	IC50	13.124866507622448
COc1cc(-n2cnc3nc(-c4ccc(Cl)cc4)sc3c2=O)ccc1OCCN1CCCC1	IC50	12.664305819176993
COc1cc(-n2cnn3nc(-c4ccc(Cl)cc4)cc3c2=O)ccc1OCC(O)C1CC1	Ki	11.250561200502737
COc1cc(-n2cnn3nc(-c4ccc(Cl)cc4)cc3c2=O)ccc1OCCN1CCCC1	Ki	14.508657738524219
COc1cc(-n2cnn3cc(-c4ccc(Cl)cc4)cc3c2=O)ccc1N1CC[C@@H](O)C1	Ki	12.267948049248261
COc1cc(-n2cnn3cc(-c4ccc(Cl)cc4)cc3c2=O)ccc1N1C[C@@H](O)[C@@H](O)C1	IC50	5.298317366548036
COc1cc(-n2cnn3cc(-c4ccc(Cl)cc4)cc3c2=O)ccc1OCC(O)C1CC1	IC50	8.111728083308073
COc1cc(-n2cnn3cc(-c4ccc(Cl)cc4)cc3c2=O)ccc1OCC1(O)CC(F)(F)C1	Ki	12.480509491231935
COc1cc(-n2cnn3cc(-c4ccc(Cl)cc4)cc3c2=O)ccc1OCCN1CCCC1	Ki	14.73180128983843
COc1cc(-n2cnn3cc(-c4ccc(Cl)cn4)cc3c2=O)ccc1N1CC[C@@H](O)C1	Ki	11.553747459490484
COc1cc(-n2cnn3cc(-c4ccc(Cl)cn4)cc3c2=O)ccc1OCC(O)C1CC1	Ki	11.330603908176274
COc1cc(-n2cnn3cc(-c4ccc(Cl)cn4)cc3c2=O)ccc1OCC1(O)CC(F)(F)C1	Ki	11.943708381062683
COc1cc(-n2cnn3cc(-c4ccc(Cl)cn4)cc3c2=O)ccc1OC[C@H](O)C1CC1	Ki	11.330603908176274
COc1cc(-n2cnn3cc(-c4ncc(Cl)cn4)cc3c2=O)ccc1OCC(O)C1CC1	Ki	11.107460356862065
COc1cc(-n2cnn3cc(-c4ncc(Cl)cn4)cc3c2=O)ccc1OCC1(O)CC(F)(F)C1	Ki	11.748647798491298
COc1cc(-n2cnn3cc(-c4ccc(Cl)cc4)nc3c2=O)ccc1OCC(O)C1CC1	Ki	10.92513880006811
COc1cc(-n2cnn3cc(-c4ccc(Cl)cc4)nc3c2=O)ccc1OCCN1CCCC1	Ki	12.859999112936837
COc1cc(N2CC(=O)N(c3ccc(-c4ccccc4)cc3)C2=O)ccc1OCCN1CCCC1	Ki	7.787232037733576
COc1cc(N2CC(=O)N(c3ccc(Oc4ccccc4)cc3)C2=O)ccc1OCCN1CCCC1	Ki	8.715644130140076
COc1cc(N2Cc3ccc(-c4cccc(Cl)c4)nc3C2=O)ccc1OCCN1CCCC1	IC50	5.176099733823787
COc1cc(N2Cc3ccc(-c4ccc(C#N)cc4)nc3C2=O)ccc1OCCN1CCCC1	IC50	4.605170185988091
COc1cc(N2Cc3ccc(-c4ccc(C(F)(F)F)cc4)nc3C2=O)ccc1OCCN1CCCC1	IC50	7.523941418405954
C=Cc1ccc(-c2ccc3c(n2)C(=O)N(c2ccc(OCCN4CCCC4)c(OC)c2)C3)cc1	IC50	8.947976107508692
COc1cc(N2Cc3ccc(-c4ccc(Cl)cc4)nc3C2=O)ccc1OCCN1CCCC1	IC50	7.728735831051967
COc1cc(N2Cc3ccc(-c4ccc(F)cc4)nc3C2=O)ccc1OCCN1CCCC1	IC50	5.7763531674910364
COc1cc(N2Cc3ccc(-c4ccccc4)nc3C2=O)ccc1OCCN1CCCC1	IC50	4.605170185988091
COc1cc(N2Cc3ccc(-c4ccccc4Cl)nc3C2=O)ccc1OCCN1CCCC1	IC50	7.5810998322459024
COc1cc(N2Cc3ccc(-c4ccccc4F)nc3C2=O)ccc1OCCN1CCCC1	IC50	5.4894778720091955
COc1cc(N2Cc3cn(-c4ccc(Cl)cc4)nc3C2=O)ccc1N1CC[C@@H](O)C1	Ki	11.855415773917004
COc1cc(N2Cc3cn(-c4ccc(Cl)cc4)nc3C2=O)ccc1N1C[C@H](O)[C@@H](O)C1	Ki	11.417615285165903
COc1cc(N2Cc3cn(-c4ccc(Cl)cc4)nc3C2=O)ccc1OCCN1CCCC1	IC50	5.7903212360734395
COc1cc(N2Cc3cn(-c4ccc(Cl)cc4)nc3C2=O)ccc1OC[C@H](O)C1CC1	Ki	11.618285980628055
COc1cc(N2Cc3nn(-c4ccc(Cl)cc4)cc3C2=O)ccc1OC[C@H](O)C1CC1	Ki	10.101938491259967
COc1cc(N2Cc3nn(-c4ccc(Cl)cc4)nc3C2=O)ccc1OCC(O)C1CC1	Ki	9.09701168666918
COc1cc(N2Cc3nn(-c4ccc(Cl)cc4)nc3C2=O)ccc1OCCN1CCCC1	Ki	12.98260143502917
COc1cc(NC(=O)c2ccc(-c3ccccc3)cc2)ccc1OCCN1CCCC1	Ki	10.361720726182948
COc1c(NC(=O)c2ccc(-c3ccc(F)cc3)cc2)ccc2cc(CN3CCCC3)cnc12	IC50	9.115030192171858
COc1cc(N[C@H]2CCC[C@H](NCc3ccsc3)C2)nc2ccc(F)cc12	IC50	9.315700887634009
COc1ccc2c(=O)cc(C(=O)NC3CCN(Cc4ccc5c(c4)OCO5)CC3)oc2c1	IC50	12.02375108873622
COc1ccc2oc(=O)cc(NC3CCN(Cc4ccc5c(c4)OCO5)CC3)c2c1	IC50	13.122363377404328
COc1ccc(-c2cc3ncn(-c4ccc(OCCN5CCCC5)c(OC)c4)c(=O)c3s2)cc1	IC50	13.815510557964274
COc1ccc(-c2ccc(C(=O)Nc3ccc4c(c3)CCC(CN3CCCC3)=C4)cc2)cc1	IC50	12.507177738314095
COc1ccc(-c2ccc(C(=O)Nc3ccc4cc(CN5CCCC5)cnc4c3)cc2)cc1	IC50	12.507177738314095
COc1ccc(-c2ccc(C#Cc3ccc(OCCN4CCCC4)cc3)nc2)cc1	IC50	10.819778284410283
COc1ccc(-c2ccc3c(n2)C(=O)N(c2ccc(OCCN4CCCC4)c(OC)c2)C3)cc1	IC50	7.986564940354067
COc1ccc(-c2ccc(C(=O)Nc3ccc4cc(CN5CCCC5)cnc4c3)cn2)cc1	IC50	10.557414019942792
COc1ccc(-c2nnc(C(=O)N3CC(Oc4ccc(CN5CCOCC5)c(OC)c4)C3)o2)cc1	IC50	11.042921835724492
COc1ccc(-c2nnc(C(=O)N3CC(Oc4ccc(CN5CC6(COC6)C5)cc4)C3)o2)cc1	IC50	11.176453228349015
COc1ccc(-c2nnc(C(=O)N3CC(Oc4ccc(CN5CCCC5)cc4)C3)o2)cc1	IC50	12.02375108873622
COc1ccc(-c2nnc(C(=O)N3CC(Oc4ccc(CN5CCCOCC5)cc4)C3)o2)cc1	IC50	11.417615285165903
COc1ccc(C2CCN(C(=O)Nc3ccc4cc(CN5CCCC5)cnc4c3)CC2)cc1	IC50	9.944309547056383
COc1ccc(COc2ccn(-c3ccc(OCCN4CCCC4)cc3)c(=O)c2)cc1	IC50	11.86960040890896
COc1ccc(-n2ccc(CN3CCC(NC(=O)COc4cccc(Cl)c4)CC3)c2)cc1	IC50	9.315700887634009
COc1ccc(OCC(=O)Nc2ccc3c(c2)C(=O)NC3=O)cc1	IC50	3.1279616570175706
COc1cccc(-c2ccc3c(c2)CCN(CC(=O)Nc2cc(Cl)cc(Cl)c2)C3C2CCN(C3CCCC3)CC2)c1	Ki	9.261633666363734
COc1cccc(-c2ccc(C3(NCC(=O)Nc4ccc(F)c(Cl)c4)CCN(C4CCCC4)CC3)cc2)c1	Ki	9.47170513611059
COc1cccc(-c2ccc3c(n2)C(=O)N(c2ccc(OCCN4CCCC4)c(OC)c2)C3)c1	IC50	6.209620556911153
COc1cccc(NC(=O)N(CCN2CC[C@@H](O)C2)[C@@H]2CC[C@]3(c4cccc(C#N)c4)CC3C2)c1	Ki	7.893932138320459
COc1cc(N2Cc3ccc(-c4ccccc4OC)nc3C2=O)ccc1OCCN1CCCC1	IC50	4.946253035166987
COc1ccccc1C1CC(c2ccc(Cl)cc2)Nc2ncnn21	IC50	3.7096945938278565
COc1ccccc1CN1CCC(C2c3ccc(-c4cccc(C#N)c4)cc3CCN2CC(=O)Nc2cc(Cl)cc(Cl)c2)CC1	Ki	11.042921835724492
COc1ccc(-c2nnc(C(=O)N3CC(Oc4ccc(CN5CC(OC)C5)cc4)C3)o2)cc1	IC50	10.871071578797833
COCCN1CCC(CNC(=O)Nc2cc(Cl)cc(Cl)c2)(c2ccc(-c3cccc(C#N)c3)cc2)CC1	IC50	14.707108677248058
CS(=O)(=O)N1CCC(CCC(=O)Nc2ccc(F)c(F)c2)(c2ccc(-c3cccc(C#N)c3)cc2)CC1	Ki	8.568486485803788
CS(=O)(=O)N1CCC(C2c3ccc(-c4cccc(C#N)c4)cc3CCN2CC(=O)Nc2cc(Cl)cc(Cl)c2)CC1	Ki	7.23904098891605
CS(=O)(=O)N1CCC(CN(C(=O)Nc2ccc(F)c(C(F)(F)F)c2)[C@@H]2CC[C@]3(c4cccc(C#N)c4)CC3C2)CC1	Ki	10.557414019942792
CS(=O)(=O)N1CCC(CN(C(=O)Nc2ccc(F)c(F)c2)[C@@H]2CC[C@]3(c4cccc(C#N)c4)CC3C2)CC1	Ki	12.129111604394046
CS(=O)(=O)N1CCC(CN(C(=O)Nc2cccc(F)c2)[C@@H]2CC[C@]3(c4cccc(C#N)c4)CC3C2)CC1	Ki	11.543384672454938
CS(=O)(=O)N1CCC2(CC1)c1ccc(-c3cccc(C#N)c3)cc1CCN2CC(=O)Nc1cc(Cl)cc(Cl)c1	Ki	6.907755278982137
CC(C)N(CCN(C(=O)Nc1cc(Cl)nc(Cl)c1)[C@@H]1CC[C@]2(c3cccc(C#N)c3)CC2C1)[C@@H](C)CO	Ki	13.345506928718539
C[C@H]1c2c([nH]c3ccc(C(F)(F)F)cc23)C[C@H]2CCN(CCC3(C(=O)O)CCCCC3)C[C@@H]21	IC50	14.038654109278486
C[C@H]1c2c([nH]c3ccc(C(F)(F)F)cc23)C[C@H]2CCN(CCC3(C(=O)O)CCOCC3)C[C@@H]21	IC50	11.618285980628055
C[C@H]1c2c([nH]c3ccc(C(F)(F)F)cc23)C[C@H]2CCN(CCN3CCOCC3=O)C[C@@H]21	IC50	11.86960040890896
COc1cc(-n2cnc3cc(-c4ccc(Cl)cc4)sc3c2=O)ccc1OC[C@@H](C)O	Ki	11.564218759357779
C[C@@H]1CN(CCCN(C(=O)Nc2ccc(F)c(C(F)(F)F)c2)[C@@H]2CC[C@]3(c4cnc(CN)s4)CC23)[C@@H](C)CN1	Ki	10.871071578797833
C[C@@H]1CN(CCCN(C(=O)Nc2cc(Cl)nc(Cl)c2)[C@@H]2CC[C@]3(c4cnc(CN)s4)CC23)[C@@H](C)CN1	Ki	11.242898327757167
C[C@@H]1c2c([nH]c3ccc(C(F)(F)F)cc23)C[C@@H]2CCN(CCN3CCOCC3)C[C@H]21	IC50	7.195437351433918
